,0,1,2,3,4,5,6,7,8,9
0,wait,morning,supermarket,thank,time night rehab,girl shit davide,shes fjfbfjdbfidb,disagio,year,bill
1,wait,morning,supermarket sweep rylan yule,thank,time night rehab,davide,serf,people religion,year,bill losing control
2,wait,morning,overflow screen supermarket aisle,thank,time night rehab,davide,wtaf,robot religion,year,bill
3,nothing week,afternoon,baby robin,0,radiology seattle,time,deffo crocodile,staff townshend,thing year thing year,petrol
4,week work,afternoon kevin,land goodnight robin,0,radiology seattle,time,deffo reckon,staff townshend,year time,motorway petrol station
5,week week,friend afternoon,hello robin,0,radiology seattle,time,deffo,staff townshend,thing year,today petrol
6,shift hour,handsome,romance merry pippin,0,night,hell,part,everyone,mine,research month ideation attitude help nurse population
7,hour shift,handsome,merry,0,night,hell hell hell,part,everyone,mine,nurse nurse floor nurse month experience
8,hour hour shift,handsome,merry,0,night,hell,part,everyone,mine,peer review process month data nurse mandate month
9,mile,thank everyone,biology snack,0,endo procedure experience seattle,vvsc vail,demand deadline food community application food community network food champion connect action today,latter,year team,something amen
10,mile,thanks everyone,snack,0,endo procedure experience seattle,vvsc vail,food life health thank caterer part solution fflsh award,difference,half improvement team year,something
11,mile,thank everyone,snack,0,endo procedure experience seattle,vvsc vail,school meal voucher term decision planning provision statement school availability,difference,year crew,something
12,negativity life anyways,hope,carn unit ridgecrest,0,care night,kent crisp,meal,nothing,year today,month
13,negativity zone today vibe,hope,carn unit ridgecrest,0,care night,comment kent,plan meal,nothing,year today,month
14,negative someone,hope,carn unit ridgecrest,0,care night,kent town,meal,nothing,year today,yeah month
15,night placement shenandoah,sorry,calampdobrn ridgecrest,0,nicupicu night,anything shout,found variety food time choice,wait poll,post mind,dinosaur
16,night placement shenandoah,sorry,calampdobrn ridgecrest,0,nicupicu night,fella shouting,mealtime food culture register,post poll,mind,dinosaur
17,night placement shenandoah,sorry,calampdobrn ridgecrest,0,nicupicu night,shout,nlng time btaw food nlng,poll regard,mind,teenager dinosaur
18,circulatorscrub fall,disappointment,caoutpatient cardiology ridgecrest,0,tech call seattle,wooooo hoooooo mess please,casualty laugh critique crap,comment,photograph year today,pump
19,circulatorscrub fall,disappointment,caoutpatient cardiology ridgecrest,0,tech call seattle,imho,casualty,comment,year photo,lunge hell body pump today
20,circulatorscrub fall,lammy disappointment,caoutpatient cardiology ridgecrest,0,tech call seattle,woooo hoooo,casualty jimmy damage,comment,year photo,heart pump
21,life,super team,wish wish,0,variable call seattle,sustenance,takeaway whilst,today yesterday,please attack uncle,thing month business
22,life,super,please thanks wish collins,0,variable call seattle,meaning living,journey takeaway,tomorrow everyone difference,course uncle,office event level month month sleeve count guess
23,life,buddy course super,wish janey smash,0,variable call seattle,meaning living article,thai takeaway,today yesterday,chat uncle friend crocodile,month difficulty
24,sunshine,confirm pint something institution,thank support,0,night baudette,time time,food,floor,shit,vibe
25,sunshine,pint time brum,thank support,0,night baudette,time time,food,pleasure floor,crap,vibe nurse anything
26,sunshine,student pint,thank support,0,night baudette,time release,food,mate floor,crap,funky
27,everything,dear,baby,0,gainesville,lmaoooooo wait hell,grey,ooooo,mind isolation restart,energy
28,everything,dear,baby,0,gainesville,lmaooooo,feckin grey,oooo,mind fuck mind watch watch,energy
29,everything,dear,baby,0,gainesville,lmaooooooo,grey,ooooo,mind drop vacuuming vanishes,night katulgon energy
30,mate,hope time,book year fundraiser something material time anything tomorrow,0,shift canton,thing time,part team,yesterday,year place limit woman sport anything right crime,price
31,mate,hope time,information supply donation,0,shift canton,time thing,clubhouse part,yesterday,year woman,cost
32,mate,hope time,fundraising,0,shift canton,thing time breathe,part team,yesterday,year year pennsylvania cool lady,therrrrrre slip price
33,placement time,someone someone hope please scheme,love sarah,0,night shift position fruita,lmao sorry,mission,drive,thank year,moon work
34,agent form hour,hope everyone,sarah disgusting thing shitshow vibe,0,night shift position fruita,lmao,mission statement,drive,thank year,patch moon
35,guess placement tomorrow,people hope,leader sarah today example hope,0,night shift position fruita,lmao,mission,drive,thanks year,moon
36,nicole placement team placement update progress student time line progress,birthday hope,claire,0,ltac texas,damn girl,childhood obesity health issue health promotion effort article importance education training intervention childhood obesity,mean,thank service,pink
37,placement team update today query please level manager course leader person placement,birthday hope,answer claire,0,ltac houston texas,goddamn,question overweight child,mean,thank service,mistake pink
38,charlotte placement team level manager,birthday hope,claire,0,ltac webster texas,dang,data show child people rise obesity rate record high year,mean,thank service ella,something esmes pink
39,life view,right,george,0,zack,water kettle cotton battery,child,jesus,coverage today,know energy price business
40,life flipside,right,george,0,zack shit today,kettle brew fire plug phone,child,jesus thread,coverage programme today isobel thank,majority staff plan energy bill
41,issue life pretty life,right,george,0,yeah zack,kettle,incapable child,jesus,time coverage,enough winter energy bill
42,thing rampr museum rest relevance,sweetheart,morrison talk,0,rise,bottle back brew,gold,sheesh,mine glad week blurb today detail microchip stuff,antivaxxers
43,house museum,sweetheart,submarine bill morrison,0,rise commensurate worth course sweet,person speaker someone brew,gold,hehe,mine yesterday,please antivaxxers conspiracy twat resource
44,babe observatory,sweetheart,mine morrison,0,think rise,brew,gold,hehe,mine yesterday unreal,awww antivaxxer idiot
45,info share friday place,thanks morning,question answer card question,0,thanks midnight,ground rule,furhair colour,duty,congratulation year month,graham idea
46,friday,thanks morning,card,0,thank night,ground sheet,rest blond bufoon,duty,esther year congratulation proud future kind thoughtful right,voter graham record traitor
47,friday,sorry response team morning,card,0,thank night,crisp ground,colour blond week,duty break,year today congratulation,graham souness
48,hour,saturday,wish,0,tomorrow,excuse,fruit skewer,content comment,thinker,someone cunt
49,hour,saturday,wish,0,tomorrow,excuse,rank racism person rank fruit fruit,pleasure comment view student,blank look thinker,cunt
50,hour,saturday scorchio,wish,0,tomorrow,opinion excuse,fruit,comment fund answer premise,thinker,word cunt
51,thought today everyone shop hand folk glove,news sharon,thank today,0,thanks tomorrow,babe,stabilization centre nurse child,everyone time,statistic thing number need,twat
52,glove hand forever,sharon love,thank today,0,thanks tomorrow spare,babe,grounding future nurse standard mpft care inpatient community adult child forensics secure service inpatient,everyone percent time name moji,stats,twat
53,glove,sharon news love,thank today,0,thank test tomorrow,babe,child beside care drink nursing care observation patient patient decision making,likelihood everyone time,stats level,absolute twat bumper
54,dissertation result luck,morning dearest annie,chest,0,taylor version jdbfjdbnd,lammy descent,wing,responsibility,bloke country,place time
55,dissertation work cheer,morning dear,chest pain anxietyshingles lesionsback pain effusion mass chest biopsy report,0,loss taylor,downhill,wing,server responsibility person,bloke,place time
56,dissertation support group,morning dear,yeah gear idea chest,0,taylor artist year brit congrats,downhill something phone ambulance everything staff aampe downhill overnight,floor wing,responsibility mean,bloke song everyone sings song challenge,planning time place
57,left fall,beach join sunset applause,drink lunch,0,evening,episode topgear iplayer episode star,restaurant thats people somebody student population,glad teapot,0,advantage saving subscription activity
58,fall,sunset,lunch,0,back evening,iplayer episode,section couple orlando restaurant diner,pattern teacup,0,bonkers subscription servicei
59,reason fall human,silhouette sunset,lunch,0,count evening,radio live iplayer doubt,restaurant state restaurant,collection teapot life,0,subscription content
60,placement,hope service,celebrity question class folk,0,mouth,confidence denise mina,bang hand grey regrowth silver,staff,0,district nurse marysia graffin difficulty staff cost fuel view stormont programme
61,placement,hope plan,thing celebrity culture,0,mouth pastille,maria,silver,staff,0,community district nurse fuel duty government cost fuel
62,placement,hope complaint,american celebrity,0,mouth,joanna lumley,bronze,staff,0,fuel cost nurse
63,september,start michelle,thank christmas,0,night shift,0,court silver flame maas,fancy,0,work month
64,september,trip michelle,glad christmas,0,night shift system,0,court silver flame maas,eeeek nothing cause anyone fancy,0,month fairer something colleague public
65,september book,michelle,thanks christmas reminder,0,night shift,0,court frost starlight maas,fancy,0,worker month companiesthey name month ththe roman
66,okay okayyyy,morning everybody,merry christmas,0,nurse night shift night advice sleep night shift,0,school child portion fruit mission fruit consumption sign school programme,resection,0,month girl
67,whyyyyyyy,morning everybody,merry xmas husband card,0,duty nursing shift specialist nurse hospital shift thanks,0,school child portion fruit mission fruit consumption sign school programme,practicenwt surgeryyellowknife,0,dixon birth baby secret month
68,dayyyyy,morning everybody,merry christmas,0,call shift cycle nurse,0,school child portion fruit mission fruit consumption sign school programme,transplant,0,month momma today
69,comfort,morning metro helpfulness today work,christmas,0,playlist patient,0,time cook caterer share worry question support session wednesday space question time,thai curry,0,trade europe answer cost crisis
70,comfort show,work morning world right,christmas,0,song playlist,0,school caterer session recovery qampa session chance situation share challenge come question,please curry,0,stagnation briton cost
71,comfort monster willa richards,morning nothing worker word,christmas,0,playlist,0,school caterer time support qampa session wednesday food life cofounder caron development manager question share advice,celebratory curry,0,class representation cost crisis situation
72,placement monday essential,morning hope,july,0,tomorrow night,0,0,consultation quality control,0,pointless
73,student week placement,morning hope catch everyone,july,0,tomorrow night,0,0,consultation,0,pointless
74,thanks placement week,slug morning hope sign,july,0,night tomorrow,0,0,consultation asks,0,pointless
75,paul,training curriculum,boob tape everything hellll,0,phone,0,0,time staff fight,0,profit increase specific software need
76,paul,training curriculum,piece string tape measure,0,phone,0,0,chart basis discussion staff pattern behaviour problem solve time staff solution,0,management refurb prospect profit
77,paul daughter kick effect animal,training curriculum,britain tape,0,phone,0,0,garbage time staff,0,company profit price
78,anyone writing person essay,sure glitter sparkle,araceli gemma birthday,0,call,0,0,struggle,0,sunak trip
79,someone essay crack someone mention assignment,sparkle,birthday gemma,0,call,0,0,struggle,0,sunakbowl
80,essay yesterday,sparkle,gemma,0,call,0,0,struggle,0,sunod sunod
81,anniversary,wednesday dude,game mummy,0,garbage thank,0,0,anyone dare fucking face,0,burst passion curre gemini
82,silver wedding anniversary,wednesday,notebook september mummy,0,rubbish,0,0,dare nose fray bentos,0,secret gemini
83,anniversary,wednesday,esme mummy plant,0,rubbishit,0,0,dare,0,energy disposal gemini
84,week,bronchiolitis,simona,0,time night,0,0,nope,0,mastermind firm
85,week,tweet bronchiolitis everybody stage career question something,toninelli,0,night time,0,0,nope,0,mastermind midland
86,week,question treatment moderate bronchiolitis bronchiolitis,cannot resist landon,0,time night,0,0,nope,0,mastermind
87,rough alcoholic liver unit blood surgery,jenny sturgeon,work hoodie,0,shift banter,0,0,surgeon murag lucifer gyud name thomas,0,mastermind derby tottenham
88,mind everything breathe skin liver liver health,jenny trip,work hoodie,0,walk shift,0,0,plastic surgeon,0,mastermind liverpool
89,hydroxiclochine clorox,jenny port place,hood influx visitor,0,shift,0,0,surgeon,0,mastermind derby tottenham
90,life thing epic,hope wednesday,delivery unit staff tomorrow thank people premature baby time donate,0,tomorrow,0,0,staff thousand patient,0,hazard allowance health worker
91,thing life,hope sunday,baby warren hernia unit family fund touch thanks care,0,tomorrow milo,0,0,surgery staff,0,hazard allowance health worker proposal
92,everything nothing life trash,whilst storm positive week hope,baby moment news notice board parent support team training volunteer information initiative,0,tomorrow,0,0,people staff patient,0,gombe health intern allowance
93,thank yoooooo,carol,lunchtime,0,sooo,0,0,buggin,0,0
94,eiii thank youuu,struggle carol,spending lunchtime sunand course,0,sooo,0,0,hehe sister bugger,0,0
95,thank youuuu crew,peasant carol,lunchtime,0,tooooo,0,0,bugger flirtation people,0,0
96,atlantic,inbox discussion please share word,thanks support team,0,pffft prezzie,0,0,impact,0,0
97,tryin ocean today,news inbox,thanks support,0,precis,0,0,impact,0,0
98,ocean,inbox,thanks support,0,beforehand,0,0,telford impact,0,0
99,uuuu,thank hope today,blast favour,0,house midnight something collect,0,0,staff patient visitor covering setting please risk infection colleague patient guidance,0,0
100,youuuu,hope today,blast,0,midnight mystery bonus,0,0,staff patient visitor covering setting please risk infection colleague patient guidance,0,0
101,youuuu,today helpless hope,blast promoting,0,fuck midnight,0,0,staff patient visitor covering setting please risk infection colleague patient guidance,0,0
102,people life,mark,thank fifi support,0,proportion trope,0,0,gardner,0,0
103,people life,mark question,thank sorry support everything take care,0,ratio,0,0,gardner gifs,0,0
104,people life,mark,support thanks,0,ratio thing time,0,0,step gardner,0,0
105,experience week service dumpster,morning saturday,thank change,0,joanna johnson garden bridge,0,0,line duty time,0,0
106,date selfcare week library information zone webinar detail,morning ready weekend everyone,thank help,0,bridge,0,0,today dunbar inspector hastings line duty,0,0
107,date selfcare week library information zone webinar detail,morning dear today weekend,thank experiment,0,home work covid hayfever post nightshift bridge sort,0,0,broadwalk empire series line duty,0,0
108,living time,story aggie support family time,sale,0,life care time,0,0,cycle path llangefni,0,0
109,negative time life,family time,buying,0,stacey care part time course brand space time,0,0,path side,0,0
110,life time,family time,sale people thanks,0,time care,0,0,path,0,0
111,shape support pillow badge,morning matteo word today,ioat contribute fund,0,virus rise child hepatitis case research,0,0,observation unit patient hour staff,0,0
112,pillow,morning devil today today,fund fund,0,spike case hepatitis explanation environment trigger editorial reason infection child,0,0,doctor downwards poverty staff time,0,0
113,bedtime,morning today,fund life brain please,0,case childhood hepatitis,0,0,time mark staff inpatient service kirklees challenge staff,0,0
114,shift week,thank hope,snigger everything,0,rainbow thank wish,0,0,nurse community respond consultation safer patient care community nurse,0,0
115,week today week people shift work night,thank hope,snoochie bitch,0,cassidy rainbow,0,0,nurse community respond consultation safer patient care inclusion health nurse,0,0
116,week work shift hour,thank hope,sneeky feeling time zone,0,week outdoors trainer rainbow,0,0,nurse community please respond consultation safer patient care practice nurse,0,0
117,entry mile week,touch,film christmas film,0,thanks evening,0,0,christ,0,0
118,mile week shoulder week,touching friend,christmas convoy,0,thank evening thanks everyone,0,0,jesus christ,0,0
119,mile week,touch,christmas post bottomless brunch christmas film soundtrack,0,evening thanks roll,0,0,christ,0,0
120,gervais heartest wait tvwise,thanks hope youre,compulsory selfie,0,perfect,0,0,body abeg,0,0
121,show wait show love,thanks grateful hope,selfie picture,0,perfect,0,0,abeg oooo,0,0
122,programme wait,thanks hope,twitter today brilliant selfies,0,perfect,0,0,abeg person,0,0
123,care anything thing,morning maggie,pack,0,sway tune,0,0,news consultation detail date minute voice,0,0
124,people care,morning maggie,pack,0,listen tune,0,0,news consultation detail date minute voice,0,0
125,stuff care,morning maggie,expansion pack,0,tune stuff,0,0,news consultation detail date minute voice,0,0
126,year today week nurse pizza board game,morning michelle,charlie woman,0,scene sleepless seattle afternoon romance soundtrack,0,0,0,0,0
127,ncpd week,morning michelle,charlie,0,tune tonight song artist lincolnshire,0,0,0,0,0
128,nurse week trinket organization everyone,morning michelle shift,charlie,0,morning tune music morning,0,0,0,0,0
129,life planning everything slip week health slip,hope weekend stay,shop moment,0,album,0,0,0,0,0
130,health week people focus,thank music setting hope weekend,shop everyday,0,album,0,0,0,0,0
131,health week poignant year,hope weekend,shop brum cannot wait,0,albumno dicethen liveboom,0,0,0,0,0
132,tonight welearn health,annie,thank word encouragement,0,nighty night,0,0,0,0,0
133,week health week medium event health care professional student twitter register welearn platform certificate,annie,encouragement,0,night savage,0,0,0,0,0
134,health week freeeeeeeee medium event wecommunities health care professional student,care till anya pick,thank encouragement support,0,night fxck,0,0,0,0,0
135,spaniel,maggie,morning claire time,0,sunflower,0,0,0,0,0
136,labrador hugh grant,maggie,morning claire,0,coronation cauliflower,0,0,0,0,0
137,labrador,hello maggie,morning claire,0,thanks sunflower today home,0,0,0,0,0
138,lauren detail,morning hope wednesday,louise,0,morning night,0,0,0,0,0
139,lauren stoneford touch thanks care baby hunter,morning hope thursday,louise,0,night morning course,0,0,0,0,0
140,lauren world,morning hope terrific tuesday,nothing louise beech,0,night morning,0,0,0,0,0
141,boom boom,angel,gratitude family,0,police promise number,0,0,0,0,0
142,boomcha,angel,gratitude survey,0,phone number,0,0,0,0,0
143,boom,angel window sketty lesbian,gratitude veer towards,0,phone number,0,0,0,0,0
144,hour hour,morning nicki hope today,asda,0,dide phone,0,0,0,0,0
145,couple hour relay time,morning nicki hope,asda folk,0,something phone,0,0,0,0,0
146,thoughafter hour,morning nicki hope today,barry,0,terry phone,0,0,0,0,0
147,weed,morning sweetie hope,lunch break,0,occasion today hour sleep work sleep afford work,0,0,0,0,0
148,london assumption weed herb people marijuana variety,morning sweetie,today year lunch break infact time water thing health,0,work night oclock,0,0,0,0,0
149,weed,morning sweetie,news lunch break finger,0,colleague night duty morning,0,0,0,0,0
150,transfer update,spec,wait conference diego daughter donut shop,0,hour night shift,0,0,0,0,0
151,update dispute,spec,gout,0,sleep brain middle hospital ward night shift wrecker,0,0,0,0,0
152,problem reload store status code message,spectating count,guess doughnut,0,hour night shift,0,0,0,0,0
153,morning mile,morning mark,email people post charity christmas card link profit unit,0,shhh cover,0,0,0,0,0
154,morning mile bloody face,morning mark,charity christmas card profit unit order,0,cover,0,0,0,0,0
155,morning mile,morning mark,reason charity christmas card,0,cover,0,0,0,0,0
156,mello,morning richard year service chapter adventure,kielder friday walk midge target future,0,service start service user discharge inpatient rehabilitation service rehabilitation team,0,0,0,0,0
157,kpatakpata,morning richard thank post,graffiti lunchtime walk,0,rehab facility london road,0,0,0,0,0
158,klopp,morning darren,ground view lunchtime walk,0,rehabilitation service oxfordshire,0,0,0,0,0
159,florence birthday lady lamp reformer heroine hero mistake,mike,hanging basket panel thingy,0,bloody work tomorrow,0,0,0,0,0
160,book ticket exhibition pioneer founder florence nightingale lakeside nottingham info,didnt mike woman business,shopping basket bill,0,tonight work,0,0,0,0,0
161,year florence nightingale today nurse florence nursing therapy collection medium,upset mike,basket book,0,work tomorrow,0,0,0,0,0
162,marcelle,sunrise home work,today summit rain money nurse adversity donate,0,yeah soundtrack football,0,0,0,0,0
163,marcelle,sunrise,friend connection name side magnificent lifeboat donation,0,soundtrack,0,0,0,0,0
164,choice marcelle,sunrise minus,hospital donation leader douglas workingclass resident side chicago emma reynolds class nurse,0,soundtrack,0,0,0,0,0
165,glad week,hope birthday tomorrow,today awareness epilepsy type epilepsy feature symptom condition knowledge,0,nurse midwife side medley response ratio question,0,0,0,0,0
166,thank week,awww birthday hope,wave everyone daughter hemiplegia left epilepsy sarah,0,ratio patient nurse hospital attack standard,0,0,0,0,0
167,thank week,birthday wish,daughter health need disability centre people epilepsy need heartbroken visit home school nurse,0,level understaffing transfer unit government onetoone rntopatient ratio rntopatient ratio transfer unit,0,0,0,0,0
168,ddipc parkrun,contract nurse post afternoon,thank support staff delivery fruit staff meal voucher pressure something fund thanks treat sister,0,support yesterday,0,0,0,0,0
169,thank parkrun shopping,occasion forgot lunch school sister bridget sure lunch nurse night,gesture staff food load goody thank,0,need support share,0,0,0,0,0
170,something bright parkrun back,reason nursing sense duty night anything,fund fruit larder basic voucher ingredient treat hardworking staff justgiving link,0,tonight rnlds support people,0,0,0,0,0
171,reimburse mileage rate union urge,nothing holiday coast cobweb,thanks gratitude unit,0,super smash bros,0,0,0,0,0
172,amount mile year,shore line,thank unit rhodri,0,smash,0,0,0,0,0
173,mileage,coast norway,thanks unit,0,luck smash,0,0,0,0,0
174,placement year placement hastings,thank weekend,trustee meeting benefit charity,0,demand step country government rise funding government staff whole fair,0,0,0,0,0
175,year placement,thanks home weekend chomping,emeritus professor nursing university london michael cooper trustee charity,0,process rise hence campaigning plan strike rise announcement anyone knew,0,0,0,0,0
176,year year relocating,thank weekend,flower today director doris retirement present staff trustee board,0,step problem action government,0,0,0,0,0
177,update,frankie david danny richard,present unit today,0,hello alice,0,0,0,0,0
178,update,view richard,love unit,0,alice level,0,0,0,0,0
179,edit,christmas richard,absolute unit,0,book review alice wonderland puzzle,0,0,0,0,0
180,sense self awareness,colin thackeray,decoration goody,0,0,0,0,0,0,0
181,awareness support,colin ferrell penguin shook,christmas doubt decoration,0,0,0,0,0,0,0
182,thank awareness video thought,colin stay friend,card drop gawking everyone decoration look,0,0,0,0,0,0,0
183,thank norse bell read,service practice worker others morning meter week tuesday,supermarket sale tesco half october dividend shareholder covid business rate tesco,0,0,0,0,0,0,0
184,ronnie bell,article medicine healthcare morning star,offer anyone tesco stall people doughnut people doughnut price,0,0,0,0,0,0,0
185,bell,morning start health care treatment summit care,people amazon tesco folk,0,0,0,0,0,0,0
186,glad pitch aampe supply codeine occasion,dictator consequence racist fandom,book alternative britain,0,0,0,0,0,0,0
187,pitch look,track name dictator exception,thatcher,0,0,0,0,0,0,0
188,challenge trex pitch,dictatorship start,lady today cmon george george george nuisance nuisance manager,0,0,0,0,0,0,0
189,respect zonesamp,freddie,christmas person person abeg,0,0,0,0,0,0,0
190,others zone hamilton peel toronto zone zone,freddie cake,request christmas duty time year night christmas family,0,0,0,0,0,0,0
191,zone,bellamy,news year vicar dibley christmas special,0,0,0,0,0,0,0
192,prereg nursing student week survey community placement love,morning carol mind,toyota kick,0,0,0,0,0,0,0
193,community placement research study nursing work boundary data collectionassessment strategy student option,morning carol,kick idea,0,0,0,0,0,0,0
194,survey prereg nursing student community placement placement,morning carol,kick,0,0,0,0,0,0,0
195,student placement,bless something walk pram kitten therapy,sunak truss,0,0,0,0,0,0,0
196,student support placement read,feline,truss week frontlines graft,0,0,0,0,0,0,0
197,student placement provider tariff,kitty,correlation truth truss,0,0,0,0,0,0,0
198,rewind update,irony,present,0,0,0,0,0,0,0
199,rewind update,irony reality oligarch,present present,0,0,0,0,0,0,0
200,rewind update,irony,present,0,0,0,0,0,0,0
201,week relief luck,hint sarcasm course,cartoon lunchtime sign,0,0,0,0,0,0,0
202,thank week weekend,sarcasm laugh,cartoon lunchtime sign,0,0,0,0,0,0,0
203,thank week yesterday weekend,advocate sarcasm,apron ready share meal bubble sign access recipe ragu sign today,0,0,0,0,0,0,0
204,boom boommmmm,merit scholarship list,0,0,0,0,0,0,0,0
205,boom boommmm,company school university scholarship scheme,0,0,0,0,0,0,0,0
206,boom bommmmmm,olusegun agagu foundation scholarship scheme,0,0,0,0,0,0,0,0
207,smoke oklahoma,please share opportunity leader development scholarship application experience,0,0,0,0,0,0,0,0
208,oklahoma make oklahoma,thanks learning opportunity service today leader leadership capacity tomorrow,0,0,0,0,0,0,0,0
209,oklahoma vaycay secure,please share opportunity leader richard tompkins development scholarship application experience,0,0,0,0,0,0,0,0
210,0,idea richard development scholarship,0,0,0,0,0,0,0,0
211,0,application richard development scholarship development mentorship package,0,0,0,0,0,0,0,0
212,0,idea richard development scholarship,0,0,0,0,0,0,0,0
213,0,afternoon everyone newsletter online edition link newsletter,0,0,0,0,0,0,0,0
214,0,member access newsletter program resource designation portal,0,0,0,0,0,0,0,0
215,0,afternoon everyone newsletter online edition link newsletter,0,0,0,0,0,0,0,0
216,0,morning jenny,0,0,0,0,0,0,0,0
217,0,morning jenny,0,0,0,0,0,0,0,0
218,0,morning jenny,0,0,0,0,0,0,0,0
219,0,morning shaun,0,0,0,0,0,0,0,0
220,0,morning shaun,0,0,0,0,0,0,0,0
221,0,morning shaun,0,0,0,0,0,0,0,0
