,Unnamed: 0,Unnamed: 0.1,Document,Topic,Name,Top_n_words,Probability,Representative_document,original_text,created_at,label
927,927,927,evening something,-1,-1_people_time_patient_year,people - time - patient - year - thing - work - doctor - today - week - thank,1.0,False,Spent the evening really worried that the cat was struggling to breathe as she was being really noisy. Wondered if she‚Äôd caught something from us. Immediately relieved after she had a massive poo. ü§®,2020-03-26 21:07:18+00:00,None
928,928,928,friend advice parent child rubbish home child thing wall,9,9_child_parent_daughter_guess,child - parent - daughter - guess - fact - opinion - mother - family - april - thing,0.7592381614572353,False,"We‚Äôd even phoned a friend, a vet, for advice. Now have even more sympathy for the parents who bring children into ED swearing they looked rubbish at home as the child runs around trying to pull things off the walls.",2020-03-26 21:10:11+00:00,Life
929,929,929,time parent,-1,-1_people_time_patient_year,people - time - patient - year - thing - work - doctor - today - week - thank,0.0,False,"@katiehorrorshow Kids do this all the time, and the parents are usually a bit sheepish about bringing them in. Kids are weird.",2020-03-26 21:33:08+00:00,None
930,930,930,messi neymar ansu fati,-1,-1_people_time_patient_year,people - time - patient - year - thing - work - doctor - today - week - thank,0.0,False,"Leo Messi, Neymar, Ansu Fati. https://t.co/KaFhtqsJrq",2020-03-27 10:07:32+00:00,None
931,931,931,forget walnut,-1,-1_people_time_patient_year,people - time - patient - year - thing - work - doctor - today - week - thank,0.9159372592418178,False,@Abi_Rimmer @Bea_John Don‚Äôt forget chopped walnuts as well!,2020-03-27 11:43:42+00:00,None
932,932,932,mine vancouver,-1,-1_people_time_patient_year,people - time - patient - year - thing - work - doctor - today - week - thank,0.0,False,@jaylawrence91 Remember mine in Vancouver?,2020-03-27 14:29:35+00:00,None
933,933,933,burn look francisco,-1,-1_people_time_patient_year,people - time - patient - year - thing - work - doctor - today - week - thank,0.7996335505508929,False,"@jaylawrence91 Fairly sure I had second-degree burns on it. Whole nose nearly peeled off. Got weird looks in San Francisco, genuinely looked like I had leprosy.",2020-03-27 14:31:08+00:00,None
934,934,934,hero watch,-1,-1_people_time_patient_year,people - time - patient - year - thing - work - doctor - today - week - thank,0.0,False,@danjordan @Diazzzz üé∂ There goes my hero... Watch him as he goes...üé∂,2020-03-27 21:51:20+00:00,None
935,935,935,week student volunteer,-1,-1_people_time_patient_year,people - time - patient - year - thing - work - doctor - today - week - thank,0.0,False,@zackferguson @RoyalFreeNHS Looking forward to joining you guys next week as a med student volunteer!!,2020-03-27 22:22:42+00:00,None
936,936,936,phone kitchen desk performance walk roast break horror,-1,-1_people_time_patient_year,people - time - patient - year - thing - work - doctor - today - week - thank,0.0,False,"Spent the day with phones away. Sorted out the kitchen, listened to Tiny Desk performances, went for a walk and cooked a roast. Taking a break from endlessly scrolling through horror was pretty liberating.",2020-03-29 19:16:17+00:00,None
937,937,937,people staff photo mountain food justice,-1,-1_people_time_patient_year,people - time - patient - year - thing - work - doctor - today - week - thank,0.785964236427842,False,People of Hampstead- my god you love feeding your #NHS staff. This photo doesn't do the mountain of food justice https://t.co/kKnhw8iA7p,2020-03-29 23:39:24+00:00,None
938,938,938,couple week,-1,-1_people_time_patient_year,people - time - patient - year - thing - work - doctor - today - week - thank,0.0,False,Well I‚Äôm pretty glad I got my (hugely overdue) haircut a couple of weeks ago...,2020-03-30 08:39:14+00:00,None
939,939,939,something facebook covid lifetime florida,6,6_covid_recovery_rule_patient,covid - recovery - rule - patient - hospital - people - case - care - death - child,0.7439906075123849,False,Nice to see something come up on Facebook that‚Äôs not about COVID. Seems a lifetime ago that I was away in Florida with @Dreamflight üíï https://t.co/NXs2TM9I7Z,2020-03-30 21:06:11+00:00,Life
940,940,940,absolute footballer profession institution argument funding researcher research,-1,-1_people_time_patient_year,people - time - patient - year - thing - work - doctor - today - week - thank,0.0,False,Absolute bullshit. Those footballers are getting paid from what their profession institution generates. So i don‚Äôt really understand the argument even though i absoultely agree that there should be more pay funding for medical researchers research. https://t.co/wDu2BIePvu,2020-03-31 06:51:11+00:00,None
941,941,941,quarantine time,-1,-1_people_time_patient_year,people - time - patient - year - thing - work - doctor - today - week - thank,0.0,False,When you‚Äôre in quarantine but your screen time has gone down üòò‚úåüèª,2020-03-31 14:13:09+00:00,None
942,942,942,thing site staff,-1,-1_people_time_patient_year,people - time - patient - year - thing - work - doctor - today - week - thank,0.3834564543329214,False,My favourite thing about volunteering at @RoyalFreeNHS various sites is how nice all the staff are https://t.co/lvuAqgSy2U,2020-03-31 17:18:10+00:00,None
943,943,943,papilloedema addition,1,1_year_paeds_rotation_rota,year - paeds - rotation - rota - sorry - finger - apology - lingering - dose - commiseration,0.0942283799409879,False,@realbrainbook Important to look for papilloedema in addition to what's previously mentioned,2020-03-31 18:50:47+00:00,Life
944,944,944,temperature scale child horse,-1,-1_people_time_patient_year,people - time - patient - year - thing - work - doctor - today - week - thank,1.0,False,I will henceforth be using this animal temperature scale to describe febrile kids. ‚ÄúThis child is hot as a horse!‚Äù ‚ÄúShe‚Äôs looking a little sheepish‚Äù https://t.co/3cBxj1M1De,2020-04-01 12:11:46+00:00,None
945,945,945,maid shop student library assistant nurse doctor,-1,-1_people_time_patient_year,people - time - patient - year - thing - work - doctor - today - week - thank,0.0,False,"@LeonaAWalsh @DrICollings @drKatie_Webb @RilesinWales @AnnMTaylor61 @Ilona_Johnson @AndrewEvansCPhO @antonsaayman0 @D_Rhydderch @ProfKeithLloyd @nat_stanley @alededwardscym @blake_sally Bar maid, shop assistant, student library assistant, auxiliary nurse, doctor üë©‚Äç‚öïÔ∏è",2020-04-02 06:38:41+00:00,None
946,946,946,wisdom mouth,-1,-1_people_time_patient_year,people - time - patient - year - thing - work - doctor - today - week - thank,0.9989495632430846,False,Such wisdom - out of the mouths ...... https://t.co/Qe4oKKc1E7,2020-04-02 08:31:11+00:00,None
947,947,947,whilst staff barnet room ward,-1,-1_people_time_patient_year,people - time - patient - year - thing - work - doctor - today - week - thank,0.1626639754464241,False,I've still got online teaching going on whilst I'm volunteering so the staff at Barnet have put me in a lil room on the ward so I can attend my teaching üò≠üò≠ #nhs @RoyalFreeNHS,2020-04-02 13:32:43+00:00,None
948,948,948,bottle wine,-1,-1_people_time_patient_year,people - time - patient - year - thing - work - doctor - today - week - thank,1.0,False,@DrSeanMon In the first few days of being isolated I think we managed a bottle of wine most days ü§≠,2020-04-02 16:15:02+00:00,None
949,949,949,evening neighbour,-1,-1_people_time_patient_year,people - time - patient - year - thing - work - doctor - today - week - thank,0.0,False,"Got to see the #ClapForCarers this evening. Lovely, really. Also got to know the neighbours a little better.",2020-04-02 19:08:10+00:00,None
950,950,950,turn event grade fever body ache,-1,-1_people_time_patient_year,people - time - patient - year - thing - work - doctor - today - week - thank,1.0,False,in a fun turn of events I now have a low grade fever and body aches https://t.co/TSx3UuSqhi,2020-04-03 07:48:43+00:00,None
951,951,951,guess today,9,9_child_parent_daughter_guess,child - parent - daughter - guess - fact - opinion - mother - family - april - thing,0.982603533364974,False,Well. Guess who shaved today. Don‚Äôt I look... young... https://t.co/wMF0OMiRHD,2020-04-03 10:27:39+00:00,Life
952,952,952,coronavirus bathroom,-1,-1_people_time_patient_year,people - time - patient - year - thing - work - doctor - today - week - thank,0.0,False,It took me getting coronavirus to finally have my own bathroom #positives,2020-04-03 12:20:43+00:00,None
953,953,953,security guard mask chin break intubation,-1,-1_people_time_patient_year,people - time - patient - year - thing - work - doctor - today - week - thank,0.4405485706481617,False,Security guard outside Morrison‚Äôs is wearing an FFP3 mask. Around his chin. Probably taking a break from serial intubations.,2020-04-03 16:20:13+00:00,None
954,954,954,album photo sadness,-1,-1_people_time_patient_year,people - time - patient - year - thing - work - doctor - today - week - thank,0.6942591377544983,False,@davidbjclutton1 @alex_pelivan We need to make an album of these post-shave photos. They all have a certain resigned sadness to them.,2020-04-03 17:29:55+00:00,None
955,955,955,crime stuff salt acid heat food education night dinner tuca bertie bojack horseman,-1,-1_people_time_patient_year,people - time - patient - year - thing - work - doctor - today - week - thank,0.6085129062625044,False,"@Diazzzz Don‚Äôt F with Cats is great if you like true crime stuff. Salt Fat Acid Heat is amazing food. Sex Education is essential. Friday Night Dinner, Always Sunny, Tuca Bertie Bojack Horseman are all great.",2020-04-03 18:12:34+00:00,None
956,956,956,yeah avoid,-1,-1_people_time_patient_year,people - time - patient - year - thing - work - doctor - today - week - thank,0.21575006777107,False,"@Diazzzz Yeah it‚Äôs actually pretty heavy going, hard avoid if that‚Äôs going to be too much.",2020-04-03 18:15:28+00:00,None
957,957,957,nail view place morgue battle family,-1,-1_people_time_patient_year,people - time - patient - year - thing - work - doctor - today - week - thank,0.1460644360544394,False,"@ManusySuleiman @Nano4all @drnash_ Yea a bigger nail there should be reaming first, then AP and orthogonal views Also secure a place in the morgue before you go into legal battle with his or her family ü§£ü§£ü§£.",2020-04-04 12:39:35+00:00,None
958,958,958,lung azithromycin rinse,-1,-1_people_time_patient_year,people - time - patient - year - thing - work - doctor - today - week - thank,1.0,False,Azithromycin cleans out the lungs? Did not realise azithromycin has a rinse setting üò≠üò≠üò≠üò≠ https://t.co/sIgvGGm1L4,2020-04-05 14:22:25+00:00,None
959,959,959,apple ginger honey cake beat knighton leicester,-1,-1_people_time_patient_year,people - time - patient - year - thing - work - doctor - today - week - thank,0.6429824690846003,False,"Apple, Ginger Honey cake. Baking beats going away during annual leave, doesn‚Äôt it? #stayhome @ South Knighton, Leicester https://t.co/oa6Bz9BCYE",2020-04-06 17:11:40+00:00,None
960,960,960,covid bout nausea anosmia anything,-1,-1_people_time_patient_year,people - time - patient - year - thing - work - doctor - today - week - thank,0.0,False,Day 4 of Covid19- intense bouts of nausea and total anosmia. I can't smell anything -_-,2020-04-06 19:41:15+00:00,None
961,961,961,home rest family everyone fever,-1,-1_people_time_patient_year,people - time - patient - year - thing - work - doctor - today - week - thank,0.7686285516493222,False,@KeithEd23851008 It's totally normal :D Sadly I've brought it home to the rest of my family and everyone else has a fever now üò≠,2020-04-06 19:47:51+00:00,None
962,962,962,thank foot,-1,-1_people_time_patient_year,people - time - patient - year - thing - work - doctor - today - week - thank,0.0,False,@KeithEd23851008 Thank you so much!! Hopefully we'll be back on our feet soon :),2020-04-06 19:49:51+00:00,None
963,963,963,hospital london,-1,-1_people_time_patient_year,people - time - patient - year - thing - work - doctor - today - week - thank,0.6945304540178796,False,@The_GFP I do indeed üòÇ Been volunteering in hospitals in London,2020-04-06 20:15:02+00:00,None
964,964,964,doctor nurse ward family fever,-1,-1_people_time_patient_year,people - time - patient - year - thing - work - doctor - today - week - thank,0.0,False,"@The_GFP @Cocolitooo I know what you mean, a lot of the doctors and nurses on the wards I'm on have had it, and now my entire family who I live with have developed fevers overnight üòê",2020-04-06 20:26:09+00:00,None
965,965,965,congratulation person shoe,-1,-1_people_time_patient_year,people - time - patient - year - thing - work - doctor - today - week - thank,0.6001095250836588,False,Congratulations @HelenStokesLam a great person to step into @carriemacewen shoes at the @AoMRC üëè @medicalwomenuk https://t.co/gXsuALf0pV,2020-04-07 12:15:17+00:00,None
966,966,966,covid symptom family pleasure thing,-1,-1_people_time_patient_year,people - time - patient - year - thing - work - doctor - today - week - thank,0.0,False,Day 5 of Covid19- I have no symptoms except anosmia. My family are taking great pleasure in asking me to smell things https://t.co/X9GLWtDVsL,2020-04-07 15:53:59+00:00,None
967,967,967,thank someone head charge,-1,-1_people_time_patient_year,people - time - patient - year - thing - work - doctor - today - week - thank,0.0,False,@k_d85 Thank god someone with their head screwed on straight‚Äôs in charge,2020-04-07 16:14:34+00:00,None
968,968,968,part online teaching clinician technology home,-1,-1_people_time_patient_year,people - time - patient - year - thing - work - doctor - today - week - thank,0.0,False,"My favourite part of online teaching is watching these clinicians trying to use the technology, and also see what their homes look like #MedEd",2020-04-08 08:37:25+00:00,None
969,969,969,point year,1,1_year_paeds_rotation_rota,year - paeds - rotation - rota - sorry - finger - apology - lingering - dose - commiseration,1.0,False,@elinlowri A great point I have been making for years! @medicalwomenuk,2020-04-08 09:18:06+00:00,Life
970,970,970,dems candidate future,4,4_tory_party_vote_election,tory - party - vote - election - voter - people - corbyn - voting - labour - candidate,0.2983211889779505,False,Dems might be left with Biden but there have been some really inspirational young candidates and I for one am very excited to see where the future takes them,2020-04-08 18:13:51+00:00,Life
971,971,971,biden coronavirus fact anything symptom,-1,-1_people_time_patient_year,people - time - patient - year - thing - work - doctor - today - week - thank,0.0,False,"@KeithEd23851008 about Biden- a bit sad, about my coronavirus- quite happy except for the fact I still can't smell anything. No symptoms otherwise!",2020-04-08 18:16:08+00:00,None
972,972,972,love message,-1,-1_people_time_patient_year,people - time - patient - year - thing - work - doctor - today - week - thank,0.0,False,"@KeithEd23851008 I would love love love to see her be the future, she's got loads more to learn, but her messages really resonant with me!!",2020-04-08 19:13:51+00:00,None
973,973,973,take care,-1,-1_people_time_patient_year,people - time - patient - year - thing - work - doctor - today - week - thank,1.0,False,@DrSdeG @silv24 Take care - so sorry üòê,2020-04-10 08:21:33+00:00,None
974,974,974,nigeria people leadership position level,-1,-1_people_time_patient_year,people - time - patient - year - thing - work - doctor - today - week - thank,0.423548104957909,False,Nigeria is blessed. Blessed with stupid and callous people in leadership positions at almost every single level. They always find a way to outdo themselves. It‚Äôs sad but most importantly it‚Äôs so incomprehensible what they do or say.,2020-04-10 09:23:26+00:00,None
975,975,975,year history leader,-1,-1_people_time_patient_year,people - time - patient - year - thing - work - doctor - today - week - thank,0.0,False,"@eesawa @Basswaht For the past 60 years of our history, our leaders have taken us for granted and i‚Äôm sparing no one.",2020-04-10 09:26:38+00:00,None
976,976,976,today covid symptom anything smell coriander wait,-1,-1_people_time_patient_year,people - time - patient - year - thing - work - doctor - today - week - thank,0.0,False,So as of today I'm allowed out and about- I have no covid symptoms at all except I still can't smell anything. I really miss the smell of coriander and can't wait to be reunited with it,2020-04-10 17:44:19+00:00,None
977,977,977,staff hospital wait,-1,-1_people_time_patient_year,people - time - patient - year - thing - work - doctor - today - week - thank,0.0,False,"Staff at the hospitals I've been volunteering at have been checking in on me which is super sweet, and I can't wait to go back",2020-04-10 17:45:19+00:00,None
978,978,978,love coriander,-1,-1_people_time_patient_year,people - time - patient - year - thing - work - doctor - today - week - thank,0.0,False,@hope_ucl I will not be apologising for my love of coriander https://t.co/2VtLcXnRBB,2020-04-10 17:57:58+00:00,None
979,979,979,thing stuff everything,-1,-1_people_time_patient_year,people - time - patient - year - thing - work - doctor - today - week - thank,0.6368150964907037,False,@hope_ucl Me too!!!! I WANNA SMELL AGAIN. hope. do u understand what it is like to not smell? My thing is smelling stuff. I smell everything.,2020-04-10 17:58:53+00:00,None
980,980,980,congratulation marriage love happiness ameen,-1,-1_people_time_patient_year,people - time - patient - year - thing - work - doctor - today - week - thank,0.1899697399465008,False,"Congratulations to you both, may Allah SWT bless your marriage with love and happiness. Ameen. https://t.co/UxkOhmnBnV",2020-04-10 20:11:00+00:00,None
981,981,981,singing signing pure child energy,-1,-1_people_time_patient_year,people - time - patient - year - thing - work - doctor - today - week - thank,0.0,False,"The kids singing and signing on #BritainsGotTalent has us in absolute bits. Pure, brilliant, hopeful child energy.",2020-04-11 20:05:59+00:00,None
982,982,982,consultant anaesthetist goal clog,5,5_surgeon_surgery_anaesthetic_hand,surgeon - surgery - anaesthetic - hand - catheter - anaesthetist - tube - knee - cardiologist - hashtag,1.0,False,"@drsas27 When you complete consultant anaesthetist goals, what do you get? Gold clogs?",2020-04-12 07:40:05+00:00,Work
983,983,983,couple garage variety cycling attire year,-1,-1_people_time_patient_year,people - time - patient - year - thing - work - doctor - today - week - thank,0.552618918947918,False,"@drsas27 True, a couple I know are having to build new garages to fit them all in! Then there‚Äôs the variety of cycling attire which seems to be required: years of fun!",2020-04-12 07:42:24+00:00,None
984,984,984,exercise class instructor room equipment,-1,-1_people_time_patient_year,people - time - patient - year - thing - work - doctor - today - week - thank,0.0,False,My mum's doing an online exercise class and the instructors kids are currently jumping around the entire room and on all the equipment,2020-04-12 08:17:25+00:00,None
985,985,985,bike living room wall feature,0,0_twitter_tweet_bike_train,twitter - tweet - bike - train - blog - football - strike - road - cycle - timeline,0.7867673614461685,False,@drsas27 Or..... you get these and then your bikes could be a living room wall feature. K would love that!! https://t.co/DA9x00M0Wy,2020-04-12 08:17:59+00:00,Life
986,986,986,easter tradition isolation,-1,-1_people_time_patient_year,people - time - patient - year - thing - work - doctor - today - week - thank,0.1203916954163552,False,Easter tradition continuing despite isolation ü§£‚Å¶@glitzyditzy‚Å© ‚Å¶@RClyburn‚Å© @gasalot https://t.co/9maUAUIRhO,2020-04-12 13:02:44+00:00,None
987,987,987,maxfac opinion yada yada,-1,-1_people_time_patient_year,people - time - patient - year - thing - work - doctor - today - week - thank,0.0,False,"@clairem7523 Hi, I‚Äôm maxfac and could maybe help. (Not medical opinion yada yada)",2020-04-13 10:38:53+00:00,None
988,988,988,zoom quiz host time charity follow,-1,-1_people_time_patient_year,people - time - patient - year - thing - work - doctor - today - week - thank,0.3579260153575662,False,"Lots of fun doing a wee Zoom quiz for @itsgood2give with host @GrantStottOnAir These are bad times for all, but charities who rely on fundraising are hit especially! So give It‚Äôs Good to Give a wee follow if you can",2020-04-13 19:30:09+00:00,None
989,989,989,value neck,-1,-1_people_time_patient_year,people - time - patient - year - thing - work - doctor - today - week - thank,0.0,False,@Dee10Kumar Or you value your neck.,2020-04-13 19:31:48+00:00,None
990,990,990,person face scrub,-1,-1_people_time_patient_year,people - time - patient - year - thing - work - doctor - today - week - thank,1.0,False,I feel like I'm a big fan of the person who drew a smiley face on these scrubs #COVID19 #NHS https://t.co/fkMLRpTrdA,2020-04-14 12:25:07+00:00,None
991,991,991,sainsburys people silence beautiful,-1,-1_people_time_patient_year,people - time - patient - year - thing - work - doctor - today - week - thank,0.0,False,"Queueing outside the big Sainsbury‚Äôs. Probably at least 100 people, all spaced perfectly, patiently standing in the sun in complete silence. Beautiful.",2020-04-14 14:28:18+00:00,None
992,992,992,hall trouble space,-1,-1_people_time_patient_year,people - time - patient - year - thing - work - doctor - today - week - thank,0.0,False,@HeldinEU @scullingmonkey Mostly exhibition halls so I don‚Äôt think it‚Äôll be too much trouble to turn them back into the cavernous spaces they were.,2020-04-14 15:13:13+00:00,None
993,993,993,spawn mosin stats look sound,-1,-1_people_time_patient_year,people - time - patient - year - thing - work - doctor - today - week - thank,1.0,False,"@RoboDanjal @WJacky101 Absolutely would be better to reduce Kar98 spawns and introduce the Mosin with different stats, otherwise they're just the same gun with a different look and sound",2020-04-14 15:20:15+00:00,None
994,994,994,lesson climate,8,8_school_child_student_teacher,school - child - student - teacher - year - filter - education - hepa - attendance - parent,0.8196922506076783,False,Fairly succinct lesson for the current climate... https://t.co/Wxr8izAiLK,2020-04-14 17:13:11+00:00,Life
995,995,995,james hero,-1,-1_people_time_patient_year,people - time - patient - year - thing - work - doctor - today - week - thank,0.0,False,@jamestoml1 @SheffieldHosp So pleased to hear that James. Continue to improve. One of my heroes.,2020-04-14 18:13:31+00:00,None
996,996,996,corridor today board infection ward doctor bone marrow biopsy,-1,-1_people_time_patient_year,people - time - patient - year - thing - work - doctor - today - week - thank,0.8470216399179733,False,@JackBarton07 I was standing in a corridor today staring at the board about the last MRSA infection on the ward and a doctor noticed and took me with them to a bone marrow biopsy,2020-04-14 20:47:50+00:00,None
997,997,997,dentist anyone workforce need hospital,-1,-1_people_time_patient_year,people - time - patient - year - thing - work - doctor - today - week - thank,1.0,False,"@tryingtobeaDr I think because there are NHS employed dentists who can‚Äôt actually treat anyone right now, so they‚Äôre a workforce which wouldn‚Äôt need to be taken from another hospital.",2020-04-14 21:20:31+00:00,None
998,998,998,dentistry blood fluid balance chart spot doff head,-1,-1_people_time_patient_year,people - time - patient - year - thing - work - doctor - today - week - thank,0.0,False,"@tryingtobeaDr Would imagine so, all dentistry is difficult as it‚Äôs an AGP. Bloods, cannulas, proning, fluid balance charts, helping spot for don and doff. That‚Äôs just off the top of my head.",2020-04-14 21:24:50+00:00,None
999,999,999,moral story vibration,-1,-1_people_time_patient_year,people - time - patient - year - thing - work - doctor - today - week - thank,0.0,False,Moral of the story: Vibration will take you nowhere. https://t.co/uBPebFeqtB,2020-04-14 22:14:56+00:00,None
1000,1000,1000,rage fill,-1,-1_people_time_patient_year,people - time - patient - year - thing - work - doctor - today - week - thank,0.0,False,rage fills me https://t.co/2EGv4oDdU8,2020-04-14 22:32:43+00:00,None
1001,1001,1001,loraine oscar finger,1,1_year_paeds_rotation_rota,year - paeds - rotation - rota - sorry - finger - apology - lingering - dose - commiseration,0.7933837297016445,False,Loraine denying poor Oscar some sweet cheesy fingers üò¢ üê∂ https://t.co/lB5cKeN3CJ,2020-04-15 18:01:42+00:00,Life
1002,1002,1002,nala today,-1,-1_people_time_patient_year,people - time - patient - year - thing - work - doctor - today - week - thank,0.4653778300304343,False,Nala does *not* want me to go to work today https://t.co/WP08CvcgMa,2020-04-16 06:26:59+00:00,None
1003,1003,1003,question kinder bueno medicine teaching,-1,-1_people_time_patient_year,people - time - patient - year - thing - work - doctor - today - week - thank,0.5727863402230977,False,Question: Is it wrong to eat a kinder bueno during culinary medicine teaching?,2020-04-16 13:01:04+00:00,None
1004,1004,1004,thank chocolate choice,-1,-1_people_time_patient_year,people - time - patient - year - thing - work - doctor - today - week - thank,1.0,False,@hope_ucl Thank u for appreciating my chocolate choice ‚ù§,2020-04-16 13:28:00+00:00,None
1005,1005,1005,duck jumper coke bonus,-1,-1_people_time_patient_year,people - time - patient - year - thing - work - doctor - today - week - thank,0.5279921514622091,False,"Here‚Äôs me at 20, featuring ducks with umbrellas jumper and probably a rum coke? (Bonus @Diazzzz @danjordan @petercrumb @artificialsteve) https://t.co/ReSOaaGqOC https://t.co/fpELf69J7X",2020-04-16 17:54:15+00:00,None
1006,1006,1006,part psych people drug name,-1,-1_people_time_patient_year,people - time - patient - year - thing - work - doctor - today - week - thank,0.9506987329969387,False,@hope_ucl my fave part of psych was people trying to prounce drug names,2020-04-16 21:43:06+00:00,None
1007,1007,1007,antibiotic phenoxymethylpenicillin,-1,-1_people_time_patient_year,people - time - patient - year - thing - work - doctor - today - week - thank,0.0,False,@hope_ucl I'm a big fan of the antibiotics phenoxymethylpenicillin for the win,2020-04-16 22:19:36+00:00,None
1008,1008,1008,sound sound,-1,-1_people_time_patient_year,people - time - patient - year - thing - work - doctor - today - week - thank,1.0,False,@Takariistorm @TLockm4 @PUBG_EU At the very least would you *please* consider changing the sound back to the old sound? @RoboDanjal,2020-04-17 09:08:25+00:00,None
1009,1009,1009,something child food parcel,-1,-1_people_time_patient_year,people - time - patient - year - thing - work - doctor - today - week - thank,0.5768316770029462,False,Comes to something when our children are sending food parcels ‚Å¶@gasalot‚Å© Mind you I am not complaining ‚ú®üëçüíêüíï https://t.co/xNqid4n2RW,2020-04-17 14:19:09+00:00,None
1010,1010,1010,twitter nothing interesting crap,0,0_twitter_tweet_bike_train,twitter - tweet - bike - train - blog - football - strike - road - cycle - timeline,1.0,False,"Really struggling with twitter right now, I have nothing interesting to say, I‚Äôm not doing much and it‚Äôs all a little bit crap.",2020-04-17 16:33:28+00:00,Life
1011,1011,1011,sound position,-1,-1_people_time_patient_year,people - time - patient - year - thing - work - doctor - today - week - thank,0.7038883140375152,False,"@trufflepotamus Sounds like a win to me, I‚Äôm currently refusing to move into a vertical position, so so tired.",2020-04-17 16:45:41+00:00,None
1012,1012,1012,stil emergency cancer tracheostomy service space,-1,-1_people_time_patient_year,people - time - patient - year - thing - work - doctor - today - week - thank,0.485264759253012,False,"@LuluMcginty We‚Äôre stil running trauma, emergency cancer and tracheostomy services. But there‚Äôs less theatre space for sure.",2020-04-17 18:15:15+00:00,None
1013,1013,1013,adeline brownie,-1,-1_people_time_patient_year,people - time - patient - year - thing - work - doctor - today - week - thank,0.0,False,@Misterbbair Adeline Brownie,2020-04-17 19:07:17+00:00,None
1014,1014,1014,imam people risk shegen taurin mutanen,-1,-1_people_time_patient_year,people - time - patient - year - thing - work - doctor - today - week - thank,0.7267421830535389,False,So were you expecting the Imam to be praised for breaking the law and putting so many people at risk? Shegen taurin kan tsiya a wurin mutanen mu. https://t.co/EPHioX8eDn,2020-04-17 19:20:16+00:00,None
1015,1015,1015,thank kind,-1,-1_people_time_patient_year,people - time - patient - year - thing - work - doctor - today - week - thank,0.0,False,"@YourMrBumbles Thank you, that‚Äôs very kind.",2020-04-17 19:35:34+00:00,None
1016,1016,1016,abba kyari shortcoming,-1,-1_people_time_patient_year,people - time - patient - year - thing - work - doctor - today - week - thank,0.9004785112391103,False,RIP Abba Kyari may Allah SWT forgive you for your shortcomings.,2020-04-18 06:59:31+00:00,None
1017,1017,1017,part walk town handkerchief tree time year,-1,-1_people_time_patient_year,people - time - patient - year - thing - work - doctor - today - week - thank,0.0,False,"@HumanTourniquet I loved this part of my walk into town, there‚Äôs a ‚Äòhandkerchief tree‚Äô at one end which is beautiful at the right time of year.",2020-04-18 09:26:07+00:00,None
1018,1018,1018,dental colleague mask,-1,-1_people_time_patient_year,people - time - patient - year - thing - work - doctor - today - week - thank,0.2487851074350858,False,Yet again our dental colleagues have been forgotten; they need FFP3 masks too. https://t.co/FC9FKCgp9S,2020-04-18 09:49:48+00:00,None
1019,1019,1019,yeah purchase mask number anything subcontractor government stock access supply chain,-1,-1_people_time_patient_year,people - time - patient - year - thing - work - doctor - today - week - thank,0.3922263878631809,False,"@titanflux @Microbedoc2 Yeah, but lots want to but can‚Äôt without appropriate PPE. In only allowing purchase of FFP3 masks with a GMC number they can‚Äôt do anything . As self employed subcontractors they can‚Äôt rely on government stocks, and have no access to NHS supply chain.",2020-04-18 10:27:21+00:00,None
1020,1020,1020,care centre emergency treatment dentist mask point,-1,-1_people_time_patient_year,people - time - patient - year - thing - work - doctor - today - week - thank,0.0,False,"@titanflux @Microbedoc2 Yes, but there are urgent dental care centres without PPE. These were supposed to be providing the emergency treatment. Allow dentists to buy FFP3 masks is my point.",2020-04-18 10:34:32+00:00,None
1021,1021,1021,medium work work title credit card,-1,-1_people_time_patient_year,people - time - patient - year - thing - work - doctor - today - week - thank,0.3442618594901224,False,@hayleymagill Surely it depends on if your social media is purely work based or a mix. If purely for work then using your honorary title is reasonable. Now if you‚Äôd said don‚Äôt use it on your personal credit cards I‚Äôd have agreed with you.,2020-04-18 10:44:27+00:00,None
1022,1022,1022,word emergency route service service hospital place access,-1,-1_people_time_patient_year,people - time - patient - year - thing - work - doctor - today - week - thank,0.3742340733863394,False,@tryingtobeaDr @titanflux @Microbedoc2 Should being the operative word. The emergency dental route prior to all this was a commissioned service rather than a directly NHS run service. There are very few directly employed NHS dentists- the dental hospitals are probably the only places with direct access to NHS PPE,2020-04-18 11:25:43+00:00,None
1023,1023,1023,petition help worker album,-1,-1_people_time_patient_year,people - time - patient - year - thing - work - doctor - today - week - thank,0.4811449764168631,False,Petition: help millennial NHS workers by releasing @phoebe_bridgers new album early,2020-04-18 11:25:52+00:00,None
1024,1024,1024,number time application number digit number hope,-1,-1_people_time_patient_year,people - time - patient - year - thing - work - doctor - today - week - thank,1.0,False,"@tryingtobeaDr @titanflux @Microbedoc2 Having tried to explain what a GDC number is multiple times, and having had a job application rejected because it didn‚Äôt have the correct number of digits in it (eg fewer than a GMC number) I don‚Äôt hold out much hope.",2020-04-18 11:26:46+00:00,None
1025,1025,1025,jenny caddick dickensen dean,-1,-1_people_time_patient_year,people - time - patient - year - thing - work - doctor - today - week - thank,0.8738529062748709,False,@drsas27 @DrLindaDykes I know I spotted a few familiar faces on there too! I worked for Jenny Caddick and A Dickensen is now the dean locally I think!,2020-04-18 11:30:29+00:00,None
1026,1026,1026,bari kawai,-1,-1_people_time_patient_year,people - time - patient - year - thing - work - doctor - today - week - thank,1.0,False,@ameenAMG Ka bari kawai.,2020-04-18 11:56:30+00:00,None
1027,1027,1027,number generator year difference quality trainee selection purpose,7,7_trainee_consultant_training_course,trainee - consultant - training - course - trainer - foundation - vein - time - deanery - cost,0.8354723872586886,False,@Liz_ORiordan Random number generator. I‚Äôm wondering if in a year there will be any difference at all in the quality of trainees.... almost as if national selection wasn‚Äôt fit for purpose....,2020-04-18 19:07:19+00:00,Life
1028,1028,1028,yeah mother ability,9,9_child_parent_daughter_guess,child - parent - daughter - guess - fact - opinion - mother - family - april - thing,0.7509277509271671,False,"@LuluMcginty Yeah, I said no, but she knew I was lying. Mothers have that ability!",2020-04-18 20:13:20+00:00,Life
1029,1029,1029,havent weekend stuff place,-1,-1_people_time_patient_year,people - time - patient - year - thing - work - doctor - today - week - thank,0.5086298158869309,False,"@DentistryEdinb1 @samistagnell I haven‚Äôt, and it might be unfair as it is the weekend and they are trying to make sure the stuff gets to the correct place.",2020-04-18 20:34:29+00:00,None
1030,1030,1030,yeah sleep week,-1,-1_people_time_patient_year,people - time - patient - year - thing - work - doctor - today - week - thank,0.0,False,@PeeeDoctor Yeah and then they agree and don‚Äôt sleep for weeks.,2020-04-18 20:35:36+00:00,None
1031,1031,1031,everything teeth life track video,-1,-1_people_time_patient_year,people - time - patient - year - thing - work - doctor - today - week - thank,0.5521952246087446,False,"I mean, everything is wrong with this, but what‚Äôs far worse than completely decimating the patient‚Äôs teeth is putting the Fray‚Äôs ‚ÄúHow to Save a Life‚Äù as the backing track of the video. https://t.co/PRqA6CDtLp",2020-04-19 09:13:15+00:00,None
1032,1032,1032,answer line medicine,-1,-1_people_time_patient_year,people - time - patient - year - thing - work - doctor - today - week - thank,0.0,False,"@iamlivyrose My answer is always, but I‚Äôm not really on the front line, that‚Äôs ED, ICU and medicine.",2020-04-19 10:16:46+00:00,None
1033,1033,1033,lifetime user word pant essay patience,-1,-1_people_time_patient_year,people - time - patient - year - thing - work - doctor - today - week - thank,1.0,False,As a lifetime Mac user can I say that word is pants and being forced to use it to write an essay is testing my patience.,2020-04-19 10:19:27+00:00,None
1034,1034,1034,reference work mendeley,-1,-1_people_time_patient_year,people - time - patient - year - thing - work - doctor - today - week - thank,0.0,False,@andygeddisregan I would normally but the references won‚Äôt work with Mendeley.,2020-04-19 10:24:46+00:00,None
1035,1035,1035,keep hate hypens,-1,-1_people_time_patient_year,people - time - patient - year - thing - work - doctor - today - week - thank,0.0,False,@andygeddisregan @TheCullObsidian Also I can‚Äôt seem to highlight text; the font keeps randomly changing and it won‚Äôt accept that I HATE HYPENS.,2020-04-19 10:26:36+00:00,None
1036,1036,1036,yeah pressure thing percs,-1,-1_people_time_patient_year,people - time - patient - year - thing - work - doctor - today - week - thank,1.0,False,"@aroradrn Yeah if we head and neck lot can ease some of the pressure on you that‚Äôs a good thing, we‚Äôre trying. Not doing percs though.",2020-04-19 10:31:01+00:00,None
1037,1037,1037,page page word file,-1,-1_people_time_patient_year,people - time - patient - year - thing - work - doctor - today - week - thank,0.1535097873173098,False,"@dr_dyb Pages, always pages. I can export easily to a word file if needed.",2020-04-19 10:31:25+00:00,None
1038,1038,1038,word text,-1,-1_people_time_patient_year,people - time - patient - year - thing - work - doctor - today - week - thank,0.6751843579067208,False,@dr_dyb Well word is doing what it wants right now- NO I DON‚ÄôT suddenly want my text red.,2020-04-19 10:33:53+00:00,None
1039,1039,1039,bjork flap wythenshawe,-1,-1_people_time_patient_year,people - time - patient - year - thing - work - doctor - today - week - thank,0.0,False,"@aroradrn Interesting, they were still doing bjork flaps in Wythenshawe when I was there I think.",2020-04-19 10:35:32+00:00,None
1040,1040,1040,maxfac trachys,-1,-1_people_time_patient_year,people - time - patient - year - thing - work - doctor - today - week - thank,0.0,False,"@DrSimonAshworth @aroradrn Agreed, that‚Äôs why maxfac and ent are providing trachys locally.",2020-04-19 11:23:25+00:00,None
1041,1041,1041,thank deeply,-1,-1_people_time_patient_year,people - time - patient - year - thing - work - doctor - today - week - thank,0.0,False,"@_michaelahn Thank you, I think I just need to breath deeply!",2020-04-19 11:45:05+00:00,None
1042,1042,1042,reference manager time reference system struggle,3,3_time_hour_piece_thank,time - hour - piece - thank - thanks - thing - moment - snack - pleasure - something,0.7735527711394266,False,@AmyCChambers Honestly the reference manager has saved me so much time- but i can see how if you weren‚Äôt using a sequential reference system it wouldn‚Äôt be that much of a struggle.,2020-04-19 12:18:16+00:00,Life
1043,1043,1043,thank time,3,3_time_hour_piece_thank,time - hour - piece - thank - thanks - thing - moment - snack - pleasure - something,0.983317510246422,True,"Thank you, the time has just flown. Can‚Äôt believe we ever looked like that ü§£ @gasalot https://t.co/dnFCrruYLP",2020-04-19 13:47:36+00:00,Life
1044,1044,1044,version zoom party night thank,-1,-1_people_time_patient_year,people - time - patient - year - thing - work - doctor - today - week - thank,1.0,False,@glitzyditzy @gasalot The updated version. Amazing zoom party last night- Thank you to you all. üíì https://t.co/NoLUa8wUf2,2020-04-19 14:41:49+00:00,None
1045,1045,1045,anyone trouser bottom scrub happier,-1,-1_people_time_patient_year,people - time - patient - year - thing - work - doctor - today - week - thank,0.7842461046451451,False,Oh dear I‚Äôve just stumbled on ‚Äòfigs‚Äô scrubs. Why would anyone want tapered trouser bottoms? Also the more mismatched my scrubs are the happier I am.,2020-04-19 19:21:05+00:00,None
1046,1046,1046,thing scrub comfy size calf thing,-1,-1_people_time_patient_year,people - time - patient - year - thing - work - doctor - today - week - thank,0.5143871866033655,False,@DrBaggins1 Bluergh the only good thing about scrubs is that they‚Äôre comfy and you don‚Äôt have to worry about how you look or sit- I‚Äôd have to be concerned about the size of my calves in those things.,2020-04-19 19:27:34+00:00,None
1047,1047,1047,lord privy seal,-1,-1_people_time_patient_year,people - time - patient - year - thing - work - doctor - today - week - thank,0.6597382383220589,False,@2ndHandBookery Aah - Lord Privy Seal,2020-04-19 19:30:44+00:00,None
1048,1048,1048,arse issue,-1,-1_people_time_patient_year,people - time - patient - year - thing - work - doctor - today - week - thank,0.0,False,@borndriller @DrBaggins1 I have a sizeable arse so no issues here!,2020-04-19 21:22:02+00:00,None
1049,1049,1049,today april friend holiday throwback instagram,-1,-1_people_time_patient_year,people - time - patient - year - thing - work - doctor - today - week - thank,0.5869552499283596,False,"It's finally happened- today, 19th April, was the day my friends finally cracked and started posting their holiday throwback pics on instagram",2020-04-19 22:11:26+00:00,None
1050,1050,1050,birthday wife year,-1,-1_people_time_patient_year,people - time - patient - year - thing - work - doctor - today - week - thank,0.2710820550743399,False,"Happy birthday to my amazing and gorgeous wife, wishing you the best and blissful years ahead. I love and cherish you @driquizzle ‚ù§Ô∏è.",2020-04-20 04:42:56+00:00,None
1051,1051,1051,maza bahar kogi allah kare,-1,-1_people_time_patient_year,people - time - patient - year - thing - work - doctor - today - week - thank,1.0,False,"Maza ana bahar ne ba ma Kogi ba, Allah ya kare. https://t.co/ts24MTEmnb",2020-04-20 09:31:01+00:00,None
1052,1052,1052,apologise cashier infidelity,-1,-1_people_time_patient_year,people - time - patient - year - thing - work - doctor - today - week - thank,0.6209601173895785,False,"@DentistGoneBadd Definitely not just you, and if I get it wrong I apologise to the cashier for my infidelity",2020-04-20 11:25:48+00:00,None
1053,1053,1053,watch list,-1,-1_people_time_patient_year,people - time - patient - year - thing - work - doctor - today - week - thank,0.0,False,@adrianwalley @MrsBDent @DentistGoneBadd Oh didn‚Äôt you hear; you‚Äôre on a ‚Äòwatch out for this one‚Äô list.,2020-04-20 13:57:53+00:00,None
1054,1054,1054,thought something,-1,-1_people_time_patient_year,people - time - patient - year - thing - work - doctor - today - week - thank,1.0,False,@Shelli_hall91 @DentistGoneBadd I hadn‚Äôt thought of that! Something else to be concerned about in an oh-so-British way.,2020-04-20 13:58:30+00:00,None
1055,1055,1055,block stupidity deliberate ignorance,-1,-1_people_time_patient_year,people - time - patient - year - thing - work - doctor - today - week - thank,0.0,False,block that stupidity and deliberate ignorance. https://t.co/NouziwtZJP,2020-04-20 16:46:54+00:00,None
1056,1056,1056,people country earth chance khair koma,-1,-1_people_time_patient_year,people - time - patient - year - thing - work - doctor - today - week - thank,0.641385827833155,False,"I‚Äôm telling you mazaje but you know how our people are and how it has overwhelmed every country on earth, that‚Äôs why our chances are bleak but inshaAllah khair we are hopeful. Ashe ka koma QLD, i need us to talk fa. https://t.co/GE33UKY8l3",2020-04-20 17:08:38+00:00,None
1057,1057,1057,dinner lady netflix,-1,-1_people_time_patient_year,people - time - patient - year - thing - work - doctor - today - week - thank,0.0,False,OMG dinner ladies is on Netflix!!!,2020-04-20 19:34:50+00:00,None
1058,1058,1058,realise part,-1,-1_people_time_patient_year,people - time - patient - year - thing - work - doctor - today - week - thank,0.966814205970042,False,"@DrBenLovell Oh no, I didn‚Äôt realise that part of it.",2020-04-20 21:46:38+00:00,None
1059,1059,1059,look night shift,-1,-1_people_time_patient_year,people - time - patient - year - thing - work - doctor - today - week - thank,0.5741576191648082,False,Looks like Nala‚Äôs not letting me go to bed after my night shift... https://t.co/5ox0AsMHWV,2020-04-21 08:09:19+00:00,None
1060,1060,1060,talk approach pathology evening thank lockdown,-1,-1_people_time_patient_year,people - time - patient - year - thing - work - doctor - today - week - thank,0.7932896162616827,False,Fascinating talk on approaches to anterior fossa pathology this evening - thank you @ukneurosurgeon and @ebrainnet for brightening up the lockdown! https://t.co/exVr2KxuyV,2020-04-21 19:46:17+00:00,None
1061,1061,1061,work staff choir,-1,-1_people_time_patient_year,people - time - patient - year - thing - work - doctor - today - week - thank,1.0,False,Amazing work from @GSTTnhs St Thomas' Hospital staff choir https://t.co/27QWRmYSDI @GSTTCharity @BreatheAHR #covidresponse https://t.co/AUQo6Px8fj,2020-04-21 20:11:05+00:00,None
1062,1062,1062,thor doctor groot scarlet witch machine combo entertainment superheroness,-1,-1_people_time_patient_year,people - time - patient - year - thing - work - doctor - today - week - thank,0.0,False,Thor Doctor Strange Groot Scarlet Witch War Machine A true combo of entertainment and superhero-ness #marvel https://t.co/vMVOmvbF1l,2020-04-22 06:49:40+00:00,None
1063,1063,1063,wall mother front,-1,-1_people_time_patient_year,people - time - patient - year - thing - work - doctor - today - week - thank,0.0796745503495405,False,@HRHSherlock Berlin Wall- mother sat me in front of the TV and said this will be important to have seen. I‚Äôm 36,2020-04-22 08:00:04+00:00,None
1064,1064,1064,competition recycling,-1,-1_people_time_patient_year,people - time - patient - year - thing - work - doctor - today - week - thank,0.6431888946406039,False,"@fessdoc @_michaelahn I‚Äôm not even trying to hide them anymore, it‚Äôs a streetwide competition to see who can have the most overflowing recycling bin!!",2020-04-22 11:23:38+00:00,None
1065,1065,1065,blood story,-1,-1_people_time_patient_year,people - time - patient - year - thing - work - doctor - today - week - thank,0.0,False,there is way more blood in these stories than I was expecting https://t.co/LMgIGFAW0K,2020-04-22 15:38:35+00:00,None
1066,1066,1066,doubt narration video messi iniesta dani alves tifo football content,-1,-1_people_time_patient_year,people - time - patient - year - thing - work - doctor - today - week - thank,1.0,False,"Without a doubt, Joe Devine‚Äôs narration is awesome. I want you to check 3 videos that Musa Okwonga did on Messi, Iniesta and Dani Alves on Tifo Football, top content bro. https://t.co/WzMfsaotSt",2020-04-22 16:09:11+00:00,None
1067,1067,1067,care package parent brother girlfriend,-1,-1_people_time_patient_year,people - time - patient - year - thing - work - doctor - today - week - thank,0.5043724673245134,False,Woke up to a care package of gin from my parents. They‚Äôve done the same for my brother and his girlfriend too. They‚Äôre the best. https://t.co/hJVSyUlsva,2020-04-22 18:16:48+00:00,None
1068,1068,1068,toddler reef handshake,-1,-1_people_time_patient_year,people - time - patient - year - thing - work - doctor - today - week - thank,0.0,False,"Introducing myself to toddlers as Dr Reeves with a firm handshake does sound quite funny, but I tend to go for Andy personally üôÉ https://t.co/R8SoqWco7q",2020-04-22 18:23:44+00:00,None
1069,1069,1069,night friday couple evening,-1,-1_people_time_patient_year,people - time - patient - year - thing - work - doctor - today - week - thank,0.0,False,"@anilkjain61 Will see after my nights end on Friday, I think at least a couple of evenings üòÇ",2020-04-22 18:45:55+00:00,None
1070,1070,1070,death right others hill,-1,-1_people_time_patient_year,people - time - patient - year - thing - work - doctor - today - week - thank,1.0,False,"@FiFiELewis @davidnnaumann I don‚Äôt like them either, but I will defend to the death the right of others to eat them! This is a hill I‚Äôm prepared to die on, etc etc",2020-04-22 18:58:57+00:00,None
1071,1071,1071,bane life,-1,-1_people_time_patient_year,people - time - patient - year - thing - work - doctor - today - week - thank,0.9773510175025012,False,Bane of my life right now. https://t.co/nTa4Hsf1jy,2020-04-22 19:34:23+00:00,None
1072,1072,1072,worker donut treat,-1,-1_people_time_patient_year,people - time - patient - year - thing - work - doctor - today - week - thank,0.0,False,"Healthcare workers can have little a donut, as a treat https://t.co/jkfLvrdQUW",2020-04-22 19:41:05+00:00,None
1073,1073,1073,everyone twitter doughnut,0,0_twitter_tweet_bike_train,twitter - tweet - bike - train - blog - football - strike - road - cycle - timeline,0.8552223198643906,False,Almost everyone i know on twitter is talking about doughnuts!,2020-04-23 09:55:48+00:00,Life
1074,1074,1074,neeraj student list chance password,-1,-1_people_time_patient_year,people - time - patient - year - thing - work - doctor - today - week - thank,0.0,False,"@neerajnkalra @drtintin99 @e1v1m1 @ebrainnet Hi Neeraj, I'm a medical student so am not on the E1V1M1 mailing list - is there any chance you could DM me the password?",2020-04-23 10:20:00+00:00,None
1075,1075,1075,year tale struggle,-1,-1_people_time_patient_year,people - time - patient - year - thing - work - doctor - today - week - thank,0.0,False,"@Yousif__Ali ngl, our year found the tales of this osce hilarious- we see you and appreciate your struggles though",2020-04-23 15:23:59+00:00,None
1076,1076,1076,tweet hair walking advert,0,0_twitter_tweet_bike_train,twitter - tweet - bike - train - blog - football - strike - road - cycle - timeline,0.6569731999309115,False,"@parthaskar KMS should be paying you for this tweet, with your hair you‚Äôre a walking advert!",2020-04-23 20:45:35+00:00,Life
1077,1077,1077,morning laughter result,-1,-1_people_time_patient_year,people - time - patient - year - thing - work - doctor - today - week - thank,0.8415482754346741,False,@Trisha_the_doc @KateCushing2 I saw it this morning and hysterical laughter was the result.,2020-04-24 07:38:45+00:00,None
1078,1078,1078,covid bleach,-1,-1_people_time_patient_year,people - time - patient - year - thing - work - doctor - today - week - thank,0.0,False,Can‚Äôt die from COVID-19 if you‚Äôre already dead from consuming bleach https://t.co/Apm26TfTtR https://t.co/6ElP7gxZs9,2020-04-24 07:59:25+00:00,None
1079,1079,1079,time issue thanks,3,3_time_hour_piece_thank,time - hour - piece - thank - thanks - thing - moment - snack - pleasure - something,1.0,False,Apparently it is my 6th Twitter anniversary! Time has passed very quickly with so many issues to highlight. Thanks to @LeonaAWalsh who persuaded me to sign up. üëè,2020-04-24 08:19:42+00:00,Life
1080,1080,1080,thanks woman peace wolf hall meaulnes,-1,-1_people_time_patient_year,people - time - patient - year - thing - work - doctor - today - week - thank,1.0,False,@medicsupport @doc_bipolar @alexandra_DBmed @Grays100 @TalentCoop @NHSE_Paul @Francescacrawl2 Thanks @medicsupport #6boooks6people Invisible women War and Peace Wolf Hall Le Grand Meaulnes Munich Birdsong @glitzyditzy @OlwenOlwen @LeonaAWalsh @lizzyelsey @Liz_ORiordan @DrFBE,2020-04-24 08:25:30+00:00,None
1081,1081,1081,thank etta,2,2_thanks_hope_thank_wish,thanks - hope - thank - wish - thankyou - support - dream - facebook - congratulation - omfs,0.1793227455053237,False,@ArtScienceDoc @medicalwomenuk @Prof_P_Kumar @NeenaModi1 Thank you for all you have done Etta. üëèüëèüëè,2020-04-25 06:58:36+00:00,Life
1082,1082,1082,bucket door,-1,-1_people_time_patient_year,people - time - patient - year - thing - work - doctor - today - week - thank,1.0,False,@archaeologyBoy Why there‚Äôs a bucket right outside the door is beyond me,2020-04-25 08:22:44+00:00,None
1083,1083,1083,congeniality everyone,-1,-1_people_time_patient_year,people - time - patient - year - thing - work - doctor - today - week - thank,0.8849422003541594,False,Happy Miss Congeniality day everyone &lt;3 https://t.co/t01o5Dbkv7,2020-04-25 13:06:58+00:00,None
1084,1084,1084,roll level head,-1,-1_people_time_patient_year,people - time - patient - year - thing - work - doctor - today - week - thank,0.5762180915316288,False,@hayleymagill That eye roll emoji really needs a level up where the eyes just leave the head entirely!,2020-04-25 14:11:54+00:00,None
1085,1085,1085,redoute table yesterday,-1,-1_people_time_patient_year,people - time - patient - year - thing - work - doctor - today - week - thank,0.0,False,@artificialsteve Are they from La Redoute? We were looking at those bedside tables yesterday!,2020-04-25 17:04:08+00:00,None
1086,1086,1086,cool furniture,-1,-1_people_time_patient_year,people - time - patient - year - thing - work - doctor - today - week - thank,0.679374377188753,False,@artificialsteve Oh cool. We‚Äôve got so much furniture to buy and there‚Äôs so much out there üò∂,2020-04-25 17:19:36+00:00,None
1087,1087,1087,capacity week time training capacity,7,7_trainee_consultant_training_course,trainee - consultant - training - course - trainer - foundation - vein - time - deanery - cost,1.0,False,"@allisonpearson @PaulRobertsNHS @Tothemo83592350 The extra capacity you speak of... I had 2 weeks of annual leave, I worked both. I will not get this time back. My training has effectively halted, its not extra capacity.",2020-04-25 18:38:29+00:00,Life
1088,1088,1088,something action inaction,-1,-1_people_time_patient_year,people - time - patient - year - thing - work - doctor - today - week - thank,0.0,False,"@PhyllBuc @allisonpearson I actually feel pretty privileged to be able to do something, action is easier than in-action sometimes.",2020-04-25 18:52:22+00:00,None
1089,1089,1089,holy dancing,-1,-1_people_time_patient_year,people - time - patient - year - thing - work - doctor - today - week - thank,1.0,False,@archaeologyBoy HOLY SHIT THE DANCING,2020-04-25 21:47:44+00:00,None
1090,1090,1090,thought matter nursesmidwives twitter hassle,0,0_twitter_tweet_bike_train,twitter - tweet - bike - train - blog - football - strike - road - cycle - timeline,0.9816562177324072,False,"@LarcombePeter @hayleymagill @suzy_speirs I have several thoughts on the matter, but the nurses/midwives on Twitter would hate me for it and that‚Äôs hassle I don‚Äôt need right now.",2020-04-25 22:07:57+00:00,Life
1091,1091,1091,hosepipe hedge,-1,-1_people_time_patient_year,people - time - patient - year - thing - work - doctor - today - week - thank,0.0,False,@drsas27 Could you accidentally aim a hosepipe over the hedge???,2020-04-26 10:43:07+00:00,None
1092,1092,1092,drone police scatter,-1,-1_people_time_patient_year,people - time - patient - year - thing - work - doctor - today - week - thank,0.917121993470157,False,@drsas27 Send a drone in- with any luck they‚Äôll think it‚Äôs the police and scatter!,2020-04-26 10:49:26+00:00,None
1093,1093,1093,hmmm post street party,4,4_tory_party_vote_election,tory - party - vote - election - voter - people - corbyn - voting - labour - candidate,0.3336888559456386,False,"@drsas27 Hmmm, well I guess they won‚Äôt get invited to the post lockdown street party then!!!",2020-04-26 11:11:39+00:00,Life
1094,1094,1094,quarantine haircut fiance,-1,-1_people_time_patient_year,people - time - patient - year - thing - work - doctor - today - week - thank,0.2162333589225669,False,So the inevitable quarantine haircut by my fianc√©e has happened. Actually better than expected..! https://t.co/DGwQyirqaJ,2020-04-26 11:17:20+00:00,None
1095,1095,1095,hair back,-1,-1_people_time_patient_year,people - time - patient - year - thing - work - doctor - today - week - thank,0.3123926046611065,False,And the back. (My hair sticks out so always seems to have a weird bit between the top back) https://t.co/C14Prg0dEU,2020-04-26 11:29:35+00:00,None
1096,1096,1096,night trophy time stamp,3,3_time_hour_piece_thank,time - hour - piece - thank - thanks - thing - moment - snack - pleasure - something,0.9656773120643724,False,@archaeologyBoy Lol last night before going to bed I compared our trophies on it and saw the time stamps. You were on it.,2020-04-26 12:12:08+00:00,Life
1097,1097,1097,culture rudeness allows fundamental anecdote staff inner circle safety,-1,-1_people_time_patient_year,people - time - patient - year - thing - work - doctor - today - week - thank,0.0,False,@FemaleLion @zasaadi @hayleymagill Perhaps a culture of rudeness allows those that are rude to get away with it? Getting back to the fundamentals- acronyms are often confusing and this anecdote shows how they can be used to exclude staff from the ‚Äòinner circle‚Äô which isn‚Äôt great for patient safety,2020-04-26 13:28:56+00:00,None
1098,1098,1098,shugaban shagiran alexandria kewaye,-1,-1_people_time_patient_year,people - time - patient - year - thing - work - doctor - today - week - thank,1.0,False,"@bi_Madaki @least_Imhappy @Bard_Boi_ i agree, shugaban shagiran Alexandria da kewaye ü§£.",2020-04-26 21:37:41+00:00,None
1099,1099,1099,book effort,-1,-1_people_time_patient_year,people - time - patient - year - thing - work - doctor - today - week - thank,1.0,False,@NWsurgeon @KateHarey @COSMakin @OlwenOlwen @TorstranBubbly @glitzyditzy @medicsupport @doc_bipolar @alexandra_DBmed @Grays100 @TalentCoop @NHSE_Paul @Francescacrawl2 @LeonaAWalsh @lizzyelsey @Liz_ORiordan @DrFBE @Koisty @catherinelstone @DesbraRon @achrastina @ClaireAOBrien @jamesegill @bethclyburn @gomarkhomer @thirstyvillain @zombivish @gasalot @ruthalcolado @JohnMcSorley10 @ThompmelMelanie @crageshri @alisapower @GASMakin @deanayling @Sentinal_1 @KatherineA2Z @LMR_1976 @drleannjohnson @MariaBMDx2 @ioannisntanos @nwbreastsurgeon @lyndsay_pearce1 @Tara_Hewitt I really loved this book. Worth the effort.,2020-04-26 21:44:31+00:00,None
1100,1100,1100,birthday brother stay,-1,-1_people_time_patient_year,people - time - patient - year - thing - work - doctor - today - week - thank,0.0990120195377236,False,"Happy birthday brother, stay blessed @BiraiAdam.",2020-04-27 00:46:07+00:00,None
1101,1101,1101,something whatsapp sent whatsapp,-1,-1_people_time_patient_year,people - time - patient - year - thing - work - doctor - today - week - thank,1.0,False,"@k_d85 @clare_eliza @DocAmyD @WelshGasDoc @NikolaCreasey @the_learnaholic I‚Äôve seen something from PICS, but only via WhatsApp. Screenshot sent to us by WhatsApp was, however, addressed to her so not just shared along.",2020-04-27 06:48:24+00:00,None
1102,1102,1102,route share,-1,-1_people_time_patient_year,people - time - patient - year - thing - work - doctor - today - week - thank,1.0,False,@k_d85 @clare_eliza @DocAmyD @WelshGasDoc @NikolaCreasey @the_learnaholic This is what I‚Äôve seen. Seems an odd route to share this. https://t.co/fOeN0fKQs9 https://t.co/AEZiDkPuOM,2020-04-27 06:50:40+00:00,None
1103,1103,1103,experience today right,-1,-1_people_time_patient_year,people - time - patient - year - thing - work - doctor - today - week - thank,1.0,False,"A liberating experience today, no female hats available so I‚Äôm wearing a boys hat. I feel so Greys anatomy right now.",2020-04-27 11:35:30+00:00,None
1104,1104,1104,research excel,-1,-1_people_time_patient_year,people - time - patient - year - thing - work - doctor - today - week - thank,0.9293559102768144,False,Day 3 of research- I did not realise Microsoft Excel could make me cry,2020-04-27 12:46:07+00:00,None
1105,1105,1105,side pirate time,3,3_time_hour_piece_thank,time - hour - piece - thank - thanks - thing - moment - snack - pleasure - something,0.7407423788451158,False,@Rahee1991 I‚Äôm going to tie to the side like a pirate next time.,2020-04-27 14:23:20+00:00,Life
1106,1106,1106,doctor magazine lunch picture dress,-1,-1_people_time_patient_year,people - time - patient - year - thing - work - doctor - today - week - thank,0.0,False,The doctor I'm working with brought magazines so we're eating lunch and looking at pictures of dresses,2020-04-28 11:44:14+00:00,None
1107,1107,1107,shithousery minute,1,1_year_paeds_rotation_rota,year - paeds - rotation - rota - sorry - finger - apology - lingering - dose - commiseration,1.0,False,Too much shithousery in less than a minute. https://t.co/kjLye3qFrn,2020-04-28 18:31:04+00:00,Life
1108,1108,1108,rabu mahaukata kawai,-1,-1_people_time_patient_year,people - time - patient - year - thing - work - doctor - today - week - thank,1.0,False,Ka rabu da mahaukata kawai. https://t.co/dE43SWoCDe,2020-04-28 20:55:25+00:00,None
1109,1109,1109,thing state patient,-1,-1_people_time_patient_year,people - time - patient - year - thing - work - doctor - today - week - thank,0.0,False,Still can‚Äôt believe that this is a thing in the states. Poor patients. https://t.co/N0FqYlIHKr,2020-04-29 18:41:23+00:00,None
1110,1110,1110,extravasation something,-1,-1_people_time_patient_year,people - time - patient - year - thing - work - doctor - today - week - thank,0.2039323226269548,False,@DocJasmina @TharushaGunawa4 Extravasation of something which is BAD.,2020-04-30 05:19:44+00:00,None
1111,1111,1111,mother pharmacist,-1,-1_people_time_patient_year,people - time - patient - year - thing - work - doctor - today - week - thank,0.0,False,"As mother of a hospital pharmacist, I loved this üëá https://t.co/ymRj94St4a",2020-04-30 10:14:36+00:00,None
1112,1112,1112,spring roll costco,-1,-1_people_time_patient_year,people - time - patient - year - thing - work - doctor - today - week - thank,0.0,False,@x_AngelG_x the spring rolls at costco are amazing if that helps :/,2020-04-30 10:56:14+00:00,None
1113,1113,1113,wing life,-1,-1_people_time_patient_year,people - time - patient - year - thing - work - doctor - today - week - thank,1.0,False,"@x_AngelG_x I highly back them, and if you want wings, I marinate them then stick them in my mums air fryer- life changing",2020-04-30 13:09:28+00:00,None
1114,1114,1114,pleasure hospital stethoscope metal concert chest wiser,-1,-1_people_time_patient_year,people - time - patient - year - thing - work - doctor - today - week - thank,0.6545368528313028,False,Finally had the pleasure of using a hospital stethoscope- there could be a heavy metal concert going on inside someone's chest and I would be none the wiser #medicine,2020-04-30 14:09:23+00:00,None
1115,1115,1115,karbi kaya ranan,-1,-1_people_time_patient_year,people - time - patient - year - thing - work - doctor - today - week - thank,1.0,False,Mun karbi kaya ranan fa ü§£ü§£ https://t.co/5Lb0hS9bJW,2020-04-30 18:08:12+00:00,None
1116,1116,1116,amma skill hannun riga,-1,-1_people_time_patient_year,people - time - patient - year - thing - work - doctor - today - week - thank,1.0,False,"Lol, amma skills din mu sun yi hannun riga. https://t.co/RBZPtzCRVk",2020-04-30 19:32:18+00:00,None
1117,1117,1117,faculty league mehn everytime ball heart,-1,-1_people_time_patient_year,people - time - patient - year - thing - work - doctor - today - week - thank,0.8070549140787884,False,@bi_Madaki @ManusySuleiman @loyal_bf @EmbeeMadakie @02_prem @ysmusa_ I remembered my guy as left back during the faculty league. Mehn everytime he touched the ball my heart skipped ü§£ü§£,2020-04-30 19:33:16+00:00,None
1118,1118,1118,playing confusion,-1,-1_people_time_patient_year,people - time - patient - year - thing - work - doctor - today - week - thank,0.9525432136902544,False,"I do man, if i‚Äôm playing there has to be chaos and confusion üòÇüòÇ https://t.co/qBT2e7nH1p",2020-04-30 19:34:02+00:00,None
1119,1119,1119,time talent,-1,-1_people_time_patient_year,people - time - patient - year - thing - work - doctor - today - week - thank,0.0,False,"Any time bro, i know a talent when i see one üëäüèæ https://t.co/SgCnbB0uAq",2020-04-30 19:34:48+00:00,None
1120,1120,1120,ruwa lafiya,-1,-1_people_time_patient_year,people - time - patient - year - thing - work - doctor - today - week - thank,1.0,False,haha a sha ruwa lafiya oga. https://t.co/ZHrvwKEvcn,2020-04-30 19:37:20+00:00,None
1121,1121,1121,someone caramel home member family,9,9_child_parent_daughter_guess,child - parent - daughter - guess - fact - opinion - mother - family - april - thing,0.736980777510451,False,"Can someone help me? I know it's only 8.10am but I have spent the last 30 mins trying to find out where I can buy @Kahlua salted caramel in the UK- I can't live like this for much longer, I am living at home with all the members of my family. All of them. https://t.co/8dpeOqGJp7",2020-05-01 07:12:12+00:00,Life
1122,1122,1122,hour yesterday lunch dinner water morning headache girl school sense commodity,-1,-1_people_time_patient_year,people - time - patient - year - thing - work - doctor - today - week - thank,0.0,False,"Wore FFP3 for 13 hours yesterday, missed lunch and dinner, only had a little water. Wake up this morning wondering why I have a headache. You can send the girl to medical school but common sense is still the most useful commodity!",2020-05-01 08:34:54+00:00,None
1123,1123,1123,something calendar informs event haircut look,-1,-1_people_time_patient_year,people - time - patient - year - thing - work - doctor - today - week - thank,0.966956000002706,False,Comes to something when my calendar informs me that my next event is a haircut on May 14th. The unkept scruffy look remains then. ü§£,2020-05-01 09:24:09+00:00,None
1124,1124,1124,hang deanery situation health risk trainee unit point deanery,-1,-1_people_time_patient_year,people - time - patient - year - thing - work - doctor - today - week - thank,0.0,False,"@lozzlemcfozzle @HumanTourniquet Hang on, the deanery knowingly placed you in a situation where you would be bullied and put your mental health at risk? And they‚Äôve documented it in writing?! And trainees have not been removed from that unit? What even is the point of a deanery?",2020-05-01 11:34:47+00:00,None
1125,1125,1125,excellent headache,-1,-1_people_time_patient_year,people - time - patient - year - thing - work - doctor - today - week - thank,1.0,False,"@daaneshz Excellent. I still have a headache though, and we know this is all about me, right?!",2020-05-01 14:41:58+00:00,None
1126,1126,1126,shoe twitter,-1,-1_people_time_patient_year,people - time - patient - year - thing - work - doctor - today - week - thank,1.0,False,"I thought I was coping well with lockdown, but the shoes I bought have just arrived and they‚Äôre MAD. Twitter should I send them back?? https://t.co/tSo1odlHg5",2020-05-01 14:43:10+00:00,None
1127,1127,1127,unsure shoe guess,-1,-1_people_time_patient_year,people - time - patient - year - thing - work - doctor - today - week - thank,1.0,False,"@EilidhPinkChic Unsure re both- but I do that a lot with shoes, at least they‚Äôre flat I guess....",2020-05-01 14:48:49+00:00,None
1128,1128,1128,sale love aldo shoe,-1,-1_people_time_patient_year,people - time - patient - year - thing - work - doctor - today - week - thank,0.5212121806349768,False,"@KatMcD86 Aldo sale! Love aldo shoes, they‚Äôre usually really comfy.",2020-05-01 14:49:14+00:00,None
1129,1129,1129,advice wardrobe,-1,-1_people_time_patient_year,people - time - patient - year - thing - work - doctor - today - week - thank,0.4357747099712259,False,"@irishayesha That is sound advice, I now have to try on my entire wardrobe (*s as there are 3.....)",2020-05-01 14:50:54+00:00,None
1130,1130,1130,auto fill detail phone,-1,-1_people_time_patient_year,people - time - patient - year - thing - work - doctor - today - week - thank,0.7495306930935745,False,@Radiologish For sure!! I need to delete the auto fill details from my phone!,2020-05-01 14:57:16+00:00,None
1131,1131,1131,head something death shoe tape measure flower example,-1,-1_people_time_patient_year,people - time - patient - year - thing - work - doctor - today - week - thank,0.3010467037939953,False,"@hayleymagill Probably very true, except I tend to the very dull and often once I get my head around something a bit more interesting then I wear to death (shoes with tape measure flowers all over them as a prime example)",2020-05-01 14:58:37+00:00,None
1132,1132,1132,realise silver,-1,-1_people_time_patient_year,people - time - patient - year - thing - work - doctor - today - week - thank,0.3987256899437786,False,@trufflepotamus I‚Äôll be honest I didn‚Äôt realise they were see through when I bought them..... I thought they were white and silver.,2020-05-01 15:08:35+00:00,None
1133,1133,1133,brogue change shoe styling,-1,-1_people_time_patient_year,people - time - patient - year - thing - work - doctor - today - week - thank,1.0,False,@KatMcD86 These are my first brogues. I am slow to adapt to changes in shoe styling.,2020-05-01 15:09:06+00:00,None
1134,1134,1134,gold shoe,-1,-1_people_time_patient_year,people - time - patient - year - thing - work - doctor - today - week - thank,1.0,False,@KatMcD86 Also those gold shoes worked out well for you. Maybe these will work out for me?,2020-05-01 15:09:39+00:00,None
1135,1135,1135,step sock,-1,-1_people_time_patient_year,people - time - patient - year - thing - work - doctor - today - week - thank,1.0,False,"@DrBaggins1 Yes, may need baby steps though. Currently ‚Äòwearing them in‚Äô with purple socks though.",2020-05-01 16:25:47+00:00,None
1136,1136,1136,value money,-1,-1_people_time_patient_year,people - time - patient - year - thing - work - doctor - today - week - thank,0.0,False,"@willscott_97 I did pay my own fees, wanting value for money isn‚Äôt unreasonable.",2020-05-02 08:49:53+00:00,None
1137,1137,1137,proportion nothing value behalf government,-1,-1_people_time_patient_year,people - time - patient - year - thing - work - doctor - today - week - thank,0.0,False,"@CassieBarnes57 @willscott_97 But a huge proportion will pay their fees, albeit delayed. Nothing wrong with demanding value on behalf of the government either.",2020-05-02 08:54:01+00:00,None
1138,1138,1138,student loan repayment percentage term student loan amount,-1,-1_people_time_patient_year,people - time - patient - year - thing - work - doctor - today - week - thank,0.0,False,"@willscott_97 @CassieBarnes57 1. They have spent it, they will still have to pay it back. Student loans repayments aren‚Äôt optional. 2. It‚Äôs small in percentage terms but on the new student loan you pay back a large amount, way more than you borrowed.",2020-05-02 09:07:06+00:00,None
1139,1139,1139,money loan work,-1,-1_people_time_patient_year,people - time - patient - year - thing - work - doctor - today - week - thank,1.0,False,"@CassieBarnes57 @willscott_97 He said it was money they hadn‚Äôt paid yet, I pointed out that wasn‚Äôt how a loan works.",2020-05-02 09:25:10+00:00,None
1140,1140,1140,quantity thing pavlova size tyre,-1,-1_people_time_patient_year,people - time - patient - year - thing - work - doctor - today - week - thank,0.0,False,@FiFiELewis @Rahee1991 They are but HUGE quantities (in no way a bad thing) but I remember a pavlova the size of a car tyre.,2020-05-02 09:28:11+00:00,None
1141,1141,1141,hour fruit,-1,-1_people_time_patient_year,people - time - patient - year - thing - work - doctor - today - week - thank,1.0,False,"@Rahee1991 @FiFiELewis 24 hours tops, and the fruit is healthy too!",2020-05-02 09:29:39+00:00,None
1142,1142,1142,research male reason paper year representative sample,-1,-1_people_time_patient_year,people - time - patient - year - thing - work - doctor - today - week - thank,0.0,False,"Doing research on males only isn‚Äôt wrong, using this as the reason is erm fairly clumsy. Not to mention that one of the papers they cite is on 12 year olds- which isnt representative of their own sample. https://t.co/1kJ5OsEFwt",2020-05-02 12:16:44+00:00,None
1143,1143,1143,doctor title,-1,-1_people_time_patient_year,people - time - patient - year - thing - work - doctor - today - week - thank,0.8440446775470621,False,@meghan_daum The ONLY real Drs are those who earn them through a PhD. I‚Äôm a medical doctor and my title is Honorary,2020-05-02 13:05:59+00:00,None
1144,1144,1144,reviewer change edits paper,-1,-1_people_time_patient_year,people - time - patient - year - thing - work - doctor - today - week - thank,0.0,False,@Mairead8894 Also I recently discovered that if you‚Äôre a reviewer you can turn back on the tracked changes and see what edits have happened on the paper! üò±,2020-05-02 15:18:40+00:00,None
1145,1145,1145,something ltft shenanigan bank holiday,-1,-1_people_time_patient_year,people - time - patient - year - thing - work - doctor - today - week - thank,1.0,False,@techpriest @NatalieDeeClark I would imagine it‚Äôs something to do with the LTFT shenanigans which go on around bank holidays.,2020-05-02 15:28:23+00:00,None
1146,1146,1146,woodland walk equilibrium time,-1,-1_people_time_patient_year,people - time - patient - year - thing - work - doctor - today - week - thank,0.9510625613333572,False,A peaceful woodland walk to restore equilibrium in this time of pandemic. ‚ú®‚ú® https://t.co/OOtlLSCxuD,2020-05-02 16:31:15+00:00,None
1147,1147,1147,injury lockdown prone,-1,-1_people_time_patient_year,people - time - patient - year - thing - work - doctor - today - week - thank,0.743185940239932,False,I am covered in various injuries and ngl I'm not entirely sure where about 85% of them have come from. Lockdown has made me very injury prone,2020-05-02 17:08:34+00:00,None
1148,1148,1148,picture squirrel audio,-1,-1_people_time_patient_year,people - time - patient - year - thing - work - doctor - today - week - thank,1.0,False,@pgconnolly54 They are out of the picture chasing squirrels. Luckily no audio! ü§£üêï‚Äçü¶∫,2020-05-03 11:07:25+00:00,None
1149,1149,1149,season buffy,-1,-1_people_time_patient_year,people - time - patient - year - thing - work - doctor - today - week - thank,0.5984898977751958,False,@ClareyBearKane I assume you‚Äôve also watched Angel alongside the last few seasons of Buffy?,2020-05-03 19:24:02+00:00,None
1150,1150,1150,agree cupcake,-1,-1_people_time_patient_year,people - time - patient - year - thing - work - doctor - today - week - thank,0.0,False,@MaxFoxJo Hard agree on cupcakes,2020-05-04 08:17:07+00:00,None
1151,1151,1151,experience number,-1,-1_people_time_patient_year,people - time - patient - year - thing - work - doctor - today - week - thank,0.6677747399232775,False,@hayleymagill But don‚Äôt get too much experience or else you won‚Äôt be able to get a number......,2020-05-04 11:43:19+00:00,None
1152,1152,1152,okocha doubt,-1,-1_people_time_patient_year,people - time - patient - year - thing - work - doctor - today - week - thank,0.9860777340093312,False,@drnash_ @premierleague Okocha without a doubt.,2020-05-04 17:35:06+00:00,None
1153,1153,1153,thing photo mirror selfie dress instagram,-1,-1_people_time_patient_year,people - time - patient - year - thing - work - doctor - today - week - thank,1.0,False,@hayleymagill @Sandra_McA Normally can‚Äôt be doing with these things. But here‚Äôs today‚Äôs photo. Me pre-work trying to get a mirror selfie to show off the new dress on Instagram v8379 for those that want to know. https://t.co/hra8hZ2pdc,2020-05-04 20:29:42+00:00,None
1154,1154,1154,type doctor home time lunchtime,-1,-1_people_time_patient_year,people - time - patient - year - thing - work - doctor - today - week - thank,0.0,False,"There are 2 types of doctor, those that say ‚Äòthere‚Äôs not much going on, I‚Äôll go home‚Äô and those who work until it‚Äôs time to leave. I‚Äôm not talking about leaving ¬Ω hr early, I‚Äôm talking about leaving at lunchtime.",2020-05-05 05:59:49+00:00,None
1155,1155,1155,something couldnt,-1,-1_people_time_patient_year,people - time - patient - year - thing - work - doctor - today - week - thank,1.0,False,"@Jenforrr I know, and what If something bad happened? I just couldn‚Äôt.",2020-05-05 06:05:26+00:00,None
1156,1156,1156,home type,-1,-1_people_time_patient_year,people - time - patient - year - thing - work - doctor - today - week - thank,0.451648594260609,False,@MarkGaze True. They are perhaps more common than the go home early type.,2020-05-05 06:19:02+00:00,None
1157,1157,1157,fairytale moor,-1,-1_people_time_patient_year,people - time - patient - year - thing - work - doctor - today - week - thank,0.0,False,@andygeddisregan Fairytale across the moor.,2020-05-05 06:21:09+00:00,None
1158,1158,1158,thread movie character please,-1,-1_people_time_patient_year,people - time - patient - year - thing - work - doctor - today - week - thank,0.2109690535950575,False,Oh my god. A medical thread about my favourite movie character- yes please https://t.co/oH3rG00aYf,2020-05-05 07:20:13+00:00,None
1159,1159,1159,expectation someone building stuff speciality,-1,-1_people_time_patient_year,people - time - patient - year - thing - work - doctor - today - week - thank,0.0,False,@hammond_douglas I suppose because there‚Äôs an expectation that there is someone in the building above an SHO to deal with stuff 9-5 from other specialities.,2020-05-05 07:46:02+00:00,None
1160,1160,1160,yeah trauma centre oncology case week trachys shrew,-1,-1_people_time_patient_year,people - time - patient - year - thing - work - doctor - today - week - thank,0.7940832093159902,False,@hammond_douglas Yeah..... I‚Äôm currently in a major trauma centre with 3 oncology cases a week and we‚Äôre doing the ICU trachys. More akin to Birmingham than Shrew I think.,2020-05-05 08:06:16+00:00,None
1161,1161,1161,type type legend,-1,-1_people_time_patient_year,people - time - patient - year - thing - work - doctor - today - week - thank,0.0,False,"@elinlowri I like your third type best- I‚Äôve also worked with third type, legend.",2020-05-05 17:03:42+00:00,None
1162,1162,1162,scenario situation,-1,-1_people_time_patient_year,people - time - patient - year - thing - work - doctor - today - week - thank,0.0,False,"@annainthetoon1 @elinlowri I agree with both those scenarios, but that‚Äôs not the situation I‚Äôm referring to",2020-05-05 18:54:09+00:00,None
1163,1163,1163,dump colleague shit,-1,-1_people_time_patient_year,people - time - patient - year - thing - work - doctor - today - week - thank,0.2180855550099999,False,"@significantrisk But if leaving dumps your colleagues in the shit, over and over again.....",2020-05-05 18:54:47+00:00,None
1164,1164,1164,bryant dental reputation dental name dentist,-1,-1_people_time_patient_year,people - time - patient - year - thing - work - doctor - today - week - thank,1.0,False,"@bendean1979 I believe Bryant Dental have an excellent reputation. Don‚Äôt be put off by the dental in the name, dentists are very exacting when it comes to loupes.",2020-05-05 18:55:48+00:00,None
1165,1165,1165,colleague work doctor,-1,-1_people_time_patient_year,people - time - patient - year - thing - work - doctor - today - week - thank,1.0,False,"@jshabbir If you leave your colleagues to do the work you should be doing then yes, you‚Äôre a bad doctor.",2020-05-06 08:53:28+00:00,None
1166,1166,1166,lack scrub size registrar scrub finding staple,-1,-1_people_time_patient_year,people - time - patient - year - thing - work - doctor - today - week - thank,1.0,False,"The lack of smaller scrub sizes has resulted in the registrar stapling my large sized scrubs- am uninjured, but keep finding staples everywhere #positivity https://t.co/hap2DCVPwr",2020-05-06 12:41:33+00:00,None
1167,1167,1167,attendance teaching zoom,8,8_school_child_student_teacher,school - child - student - teacher - year - filter - education - hepa - attendance - parent,0.7172857208197154,False,@tweediatrics Attendance at our weekly PEM teaching has shot up since we‚Äôve been doing it via zoom.,2020-05-06 16:25:52+00:00,Life
1168,1168,1168,caught beauty wait corridor,-1,-1_people_time_patient_year,people - time - patient - year - thing - work - doctor - today - week - thank,0.0,False,Caught this beauty @RoyalFreeNHS Can't wait to see the corridor when it's completed!! #NHS https://t.co/aScLAMXzEm,2020-05-06 18:20:21+00:00,None
1169,1169,1169,nope ovary phone email,-1,-1_people_time_patient_year,people - time - patient - year - thing - work - doctor - today - week - thank,1.0,False,"@ffolliet Nope, only my ovaries contracted. Didn‚Äôt even see the phone calls or emails!",2020-05-06 20:19:21+00:00,None
1170,1170,1170,someone attention health justice,-1,-1_people_time_patient_year,people - time - patient - year - thing - work - doctor - today - week - thank,0.4892029411821444,False,@hope_ucl Someone was paying attention during health justice üëÄ,2020-05-07 21:09:38+00:00,None
1171,1171,1171,fact advice,9,9_child_parent_daughter_guess,child - parent - daughter - guess - fact - opinion - mother - family - april - thing,1.0,False,@hope_ucl they may not have but the fact that you know where you can get legal advice is impressive enough,2020-05-08 06:33:29+00:00,Life
1172,1172,1172,maximum work,-1,-1_people_time_patient_year,people - time - patient - year - thing - work - doctor - today - week - thank,1.0,False,@LuluMcginty It‚Äôs 200-your age as a maximum so you‚Äôre going to be so fit after all that hard work!!,2020-05-08 10:31:10+00:00,None
1173,1173,1173,correctly benefit trainee equivalence,7,7_trainee_consultant_training_course,trainee - consultant - training - course - trainer - foundation - vein - time - deanery - cost,1.0,False,"If I understand this correctly, this will be a huge benefit to OMFS trainees who skipped/did CST by equivalence but are NTN‚Äôs. They will now CCT @BAOMS_Chair ? https://t.co/SIBSO9pTTk",2020-05-08 11:00:32+00:00,Life
1174,1174,1174,lack enthusiasm wall insert training montage quote,-1,-1_people_time_patient_year,people - time - patient - year - thing - work - doctor - today - week - thank,0.0,False,"@ExeterHipUnit @LuluMcginty Now I feel much better about my lack of enthusiasm for hitting the wall, being pumped to the max, insert other training montage quote as required.",2020-05-08 11:41:03+00:00,None
1175,1175,1175,sample year doctor nurse,-1,-1_people_time_patient_year,people - time - patient - year - thing - work - doctor - today - week - thank,0.0,False,"@KurteL10 Had a sample like this my first year as a doctor- showed the senior nurse, she shrugged, ‚Äòseen it before.‚Äô",2020-05-08 11:57:25+00:00,None
1176,1176,1176,yeah case shot,-1,-1_people_time_patient_year,people - time - patient - year - thing - work - doctor - today - week - thank,1.0,False,@abi_carey @BenZabar Yeah ‚Äòin case I get shot‚Äô,2020-05-08 12:09:16+00:00,None
1177,1177,1177,school child,-1,-1_people_time_patient_year,people - time - patient - year - thing - work - doctor - today - week - thank,0.0,False,"@KieranFjord @abi_carey @BenZabar I just can‚Äôt imagine it, American school children must feel the same.",2020-05-08 12:26:32+00:00,None
1178,1178,1178,yeah shooter response thing hospital work think,-1,-1_people_time_patient_year,people - time - patient - year - thing - work - doctor - today - week - thank,0.0,False,"@BenZabar @KieranFjord @abi_carey Yeah I don‚Äôt think specialising in active shooter response is a thing in the UK, the pre hospital lot probably have them in their kit though they won‚Äôt have their own for work I wouldn‚Äôt think.",2020-05-08 12:42:47+00:00,None
1179,1179,1179,idea work stuff hospital suture rhino,-1,-1_people_time_patient_year,people - time - patient - year - thing - work - doctor - today - week - thank,0.0,False,"@BenZabar @KieranFjord @abi_carey No no I find it interesting; and I‚Äôm not ED so honestly I have no idea- I have a work kit too which has stuff I can never find in other hospitals, facial sutures, rapid rhinos etc etc.",2020-05-08 12:53:21+00:00,None
1180,1180,1180,deviation course tongue firmly cheek,-1,-1_people_time_patient_year,people - time - patient - year - thing - work - doctor - today - week - thank,0.0,False,@DrEricLevi Therefore nasal septal deviation is normal and shouldn‚Äôt be operated on..... I am of course saying this with tongue firmly in cheek.,2020-05-08 15:21:55+00:00,None
1181,1181,1181,holy shit,0,0_twitter_tweet_bike_train,twitter - tweet - bike - train - blog - football - strike - road - cycle - timeline,0.3203834745406014,False,@j_gillender @crossbar_hub @ltarsenal @jamesbenge Holy shit. That‚Äôs me,2020-05-08 16:32:04+00:00,Life
1182,1182,1182,pair hospital scrub,-1,-1_people_time_patient_year,people - time - patient - year - thing - work - doctor - today - week - thank,0.7719784544812112,False,@FiFiELewis @mintvelvet Love those!!! I really want a pair but I don‚Äôt think my hospital has had any new scrubs. You look fabulous‚Äô,2020-05-08 21:01:27+00:00,None
1183,1183,1183,person tweet people street sunbathing park week,0,0_twitter_tweet_bike_train,twitter - tweet - bike - train - blog - football - strike - road - cycle - timeline,1.0,False,"Going to be ‚Äòthat‚Äô person and say I just want to retweet ALL of @WelshGasDoc‚Äôs tweets. VE Day or not, seeing people out in the street or sunbathing in the park, ignoring lockdown (yet clapping for the NHS every week?!) makes me SO angry.",2020-05-08 21:14:02+00:00,Life
1184,1184,1184,volume work america,-1,-1_people_time_patient_year,people - time - patient - year - thing - work - doctor - today - week - thank,0.0,False,"@UKTacMed @BenZabar @KieranFjord @abi_carey @NARU_org @LAS_JRU @Ldn_Ambulance Oh good, but you‚Äôre not expecting the same volume of work as they get in America presumably.",2020-05-09 08:37:52+00:00,None
1185,1185,1185,soil plenty neglect,-1,-1_people_time_patient_year,people - time - patient - year - thing - work - doctor - today - week - thank,0.0,False,"@theveindoc They look lovely, could I grow them in very poor soil and with plenty of neglect?",2020-05-09 08:53:11+00:00,None
1186,1186,1186,time book plant,-1,-1_people_time_patient_year,people - time - patient - year - thing - work - doctor - today - week - thank,0.0,False,@theveindoc Time to get out the RHS Big Book of Plants....,2020-05-09 09:49:54+00:00,None
1187,1187,1187,laburnum tree,-1,-1_people_time_patient_year,people - time - patient - year - thing - work - doctor - today - week - thank,1.0,False,"@theveindoc Oh wow I see what you mean, if it‚Äôs happy under the Laburnum though it might do ok below our trees....",2020-05-09 10:01:38+00:00,None
1188,1188,1188,trauma rhino foley catheter call face point trauma tourniquet work,-1,-1_people_time_patient_year,people - time - patient - year - thing - work - doctor - today - week - thank,0.0,False,"@NickSparkes3 @UKTacMed @PoliceMedics @BenZabar @KieranFjord @abi_carey @NARU_org @LAS_JRU @Ldn_Ambulance Ok, I know a little about bleeding and trauma. I have rapid rhinos and 2 Foley catheters in my on call bag for mid face bleeding. Points 1. The US has more gun trauma 2.@BenZabar implied he had a tourniquet because he could be shot at work",2020-05-09 16:14:21+00:00,None
1189,1189,1189,trauma doctor resus hospital people hope,-1,-1_people_time_patient_year,people - time - patient - year - thing - work - doctor - today - week - thank,0.613540589503305,False,"@NickSparkes3 @UKTacMed @PoliceMedics @BenZabar @KieranFjord @abi_carey @NARU_org @LAS_JRU @Ldn_Ambulance I appreciate major trauma often requires various kit- but I don‚Äôt see many ED doctors in the UK carting it around with them, it‚Äôs in resus. Pre hospital, people aren‚Äôt buying their own kit, it‚Äôs provided (I hope)",2020-05-09 16:15:55+00:00,None
1190,1190,1190,context everything point context doctor life line doctor official servant,-1,-1_people_time_patient_year,people - time - patient - year - thing - work - doctor - today - week - thank,0.5981757657603676,False,"There‚Äôs context to everything. You made your point in a context that makes it null and void. A doctor putting his or her life on the line without PPE, i mean listen to yourself and don‚Äôt pin this on doctors but on elected officials public servants. https://t.co/TzG5rU9nQA",2020-05-09 17:08:59+00:00,None
1191,1191,1191,people street party conga line noone family week,4,4_tory_party_vote_election,tory - party - vote - election - voter - people - corbyn - voting - labour - candidate,0.8442515904654603,False,Great to see that people have been able to have street parties and conga lines shortly after no-one except immediate family were able to attend my uncle‚Äôs funeral this week.,2020-05-09 17:25:38+00:00,Life
1192,1192,1192,nothing people,-1,-1_people_time_patient_year,people - time - patient - year - thing - work - doctor - today - week - thank,0.7399911926864247,False,@xandvt am hoping nothing and they enforce and emphasise lockdown further to get to the selfish people who somehow won‚Äôt do it,2020-05-09 18:08:36+00:00,None
1193,1193,1193,distraction thing covid martian space geek,-1,-1_people_time_patient_year,people - time - patient - year - thing - work - doctor - today - week - thank,0.0,False,"If you want a distraction from all things COVID, would recommend watching The Martian! Reactivated my inner space geek ü™ê",2020-05-09 22:55:51+00:00,None
1194,1194,1194,slogan meaning luck everyone,-1,-1_people_time_patient_year,people - time - patient - year - thing - work - doctor - today - week - thank,1.0,False,"Here, have some vague slogans without any clear meaning. Good luck, everyone. https://t.co/pwf8okLUIP",2020-05-10 09:23:43+00:00,None
1195,1195,1195,thanks measure people normality party time,4,4_tory_party_vote_election,tory - party - vote - election - voter - people - corbyn - voting - labour - candidate,0.3721265704149092,False,"@Breeno79 Thanks. It‚Äôs sad about the funeral, but the measures are necessary. I get that people are after a bit of normality with the parties but it‚Äôs just not time.",2020-05-10 11:33:40+00:00,Life
1196,1196,1196,town people,0,0_twitter_tweet_bike_train,twitter - tweet - bike - train - blog - football - strike - road - cycle - timeline,1.0,False,"@Trisha_the_doc Awful, isn‚Äôt it. He was well known in his town, apparently people clapped the cars to the funeral as they went past, which sounds lovely.",2020-05-10 11:34:55+00:00,Life
1197,1197,1197,week hour week,-1,-1_people_time_patient_year,people - time - patient - year - thing - work - doctor - today - week - thank,0.7688956616419141,False,"@MatthewFDonald @Askrigglad Not furloughed; not redeployed, last week worked 70 hours, the week before last it was 87",2020-05-10 14:50:42+00:00,None
1198,1198,1198,yeah idea shame birthday year,-1,-1_people_time_patient_year,people - time - patient - year - thing - work - doctor - today - week - thank,0.3413240209108052,False,@JoshHDraws Yeah I think I‚Äôm getting used to the idea. Shame I can‚Äôt have my big birthday BBQ this year üò¢,2020-05-10 18:43:29+00:00,None
1199,1199,1199,question today veress,-1,-1_people_time_patient_year,people - time - patient - year - thing - work - doctor - today - week - thank,1.0,False,"Question for today, why is the Veress needle not banned yet?",2020-05-10 18:45:54+00:00,None
1200,1200,1200,come gardening baking,-1,-1_people_time_patient_year,people - time - patient - year - thing - work - doctor - today - week - thank,0.0,False,"@JoshHDraws @hazeljoy__ I‚Äôve come to love gardening, and I‚Äôm baking now too. Feel like I‚Äôm half way there üëç",2020-05-10 18:47:56+00:00,None
1201,1201,1201,whoop bowel embolus illiac,-1,-1_people_time_patient_year,people - time - patient - year - thing - work - doctor - today - week - thank,0.0,False,"@jfdwolff Whoops, that was small bowel.... and now that‚Äôs a faecal embolus heading down the common Illiac.",2020-05-10 19:04:30+00:00,None
1202,1202,1202,health evening headspace luck tomorrow,-1,-1_people_time_patient_year,people - time - patient - year - thing - work - doctor - today - week - thank,0.0,False,@CatrionaMcvey Definitely OK - probably better for mental health too to have a relaxed evening and get yourself in the right headspace. Good luck!! Are you sitting the PSA tomorrow too?,2020-05-10 19:11:08+00:00,None
1203,1203,1203,something dentist practice,-1,-1_people_time_patient_year,people - time - patient - year - thing - work - doctor - today - week - thank,1.0,False,"@GuildfordENT @otorhinosaurus No, but if something doesn‚Äôt happen soon then there will be a lot of unemployed dentists out there as practices go under.",2020-05-10 20:15:10+00:00,None
1204,1204,1204,hmmm time,3,3_time_hour_piece_thank,time - hour - piece - thank - thanks - thing - moment - snack - pleasure - something,1.0,False,@trufflepotamus Hmmm.... in normal times I‚Äôd suggest returning it!,2020-05-10 20:16:21+00:00,Life
1205,1205,1205,settle advance scheme dentist moment income lock,-1,-1_people_time_patient_year,people - time - patient - year - thing - work - doctor - today - week - thank,0.9003761820301174,False,@GuildfordENT @otorhinosaurus I think they‚Äôd settle for the advance of furlough scheme to include dentists - which at the moment it doesn‚Äôt because of the income lock out.,2020-05-10 20:18:47+00:00,None
1206,1206,1206,self sorry furlough self,1,1_year_paeds_rotation_rota,year - paeds - rotation - rota - sorry - finger - apology - lingering - dose - commiseration,1.0,False,@GuildfordENT @otorhinosaurus Self employed- sorry I don‚Äôt mean furlough I mean the self employed one.,2020-05-10 20:21:49+00:00,Life
1207,1207,1207,sound plan,-1,-1_people_time_patient_year,people - time - patient - year - thing - work - doctor - today - week - thank,0.7274774117622628,False,@trufflepotamus Sounds like a good plan!,2020-05-10 20:39:26+00:00,None
